fixed.acidity,volatile.acidity,citric.acid,residual.sugar,chlorides,free.sulfur.dioxide,total.sulfur.dioxide,density,pH,sulphates,alcohol,quality,id
6.7,0.15,0.38,1.7,0.037,20,84,0.99046,3.09,0.53,11.4,6,981
6.7,0.44,0.31,1.9,0.03,41,104,0.99,3.29,0.62,12.6,7,982
6.1,0.17,0.21,1.9,0.09,44,130,0.99255,3.07,0.41,9.7,5,983
6.6,0.39,0.22,4,0.038,17,98,0.99018,3.25,0.53,13,7,984
6.8,0.32,0.34,6,0.05,5,129,0.9953,3.19,0.4,9.1,5,985
8.3,0.28,0.27,17.5,0.045,48,253,1.00014,3.02,0.56,9.1,6,986
6.8,0.14,0.35,1.5,0.047,40,117,0.99111,3.07,0.72,11.1,6,987
6.3,0.21,0.31,1.2,0.043,30,117,0.99158,3.49,0.68,11,6,988
6.7,0.31,0.08,1.3,0.038,58,147,0.9922,3.18,0.46,10,5,989
5.9,0.27,0.29,11.4,0.036,31,115,0.9949,3.35,0.48,10.5,8,990
5.6,0.2,0.22,1.3,0.049,25,155,0.99296,3.74,0.43,10,5,991
6.7,0.24,0.46,2.2,0.033,19,111,0.99045,3.1,0.62,11.9,6,992
6.8,0.19,0.4,9.85,0.055,41,103,0.99532,2.98,0.56,10.5,6,993
8,0.27,0.33,1.2,0.05,41,103,0.99002,3,0.45,12.4,6,994
6.8,0.21,0.27,18.15,0.042,41,146,1.0001,3.3,0.36,8.7,5,995
7.4,0.24,0.42,14,0.066,48,198,0.9979,2.89,0.42,8.9,6,996
8.1,0.17,0.21,1.6,0.036,24,119,0.99396,3.18,0.52,10.1,6,997
7.5,0.13,0.38,1.1,0.023,42,104,0.99112,3.28,0.53,11.8,6,998
7.2,0.37,0.4,11.6,0.032,34,214,0.9963,3.1,0.51,9.8,6,999
7.1,0.46,0.23,13.7,0.045,44,192,0.9981,3.11,0.53,9.4,5,1000
6.6,0.42,0.33,2.8,0.034,15,85,0.99,3.28,0.51,13.4,6,1001
6.9,0.28,0.37,9.1,0.037,16,76,0.9948,3.05,0.54,11.1,5,1002
6.2,0.21,0.38,6.8,0.036,64,245,0.9951,3.06,0.36,9.3,6,1003
7.8,0.24,0.38,2.1,0.058,14,167,0.994,3.21,0.55,9.9,5,1004
6,0.31,0.32,7.4,0.175,47,159,0.9952,3.19,0.5,9.4,6,1005
6.6,0.25,0.25,1.3,0.04,28,85,0.98984,2.87,0.48,11.2,6,1006
6,0.19,0.71,1.5,0.152,9,55,0.9927,3.12,0.46,9.8,6,1007
7.7,0.34,0.28,11,0.04,31,117,0.99815,3.27,0.29,9.2,6,1008
5.8,0.23,0.21,1.5,0.044,21,110,0.99138,3.3,0.57,11,6,1009
7.7,0.35,0.49,8.65,0.033,42,186,0.9931,3.14,0.38,12.4,8,1010
6.8,0.3,0.27,11.6,0.028,22,97,0.99314,2.96,0.38,11.7,6,1011
7.2,0.2,0.3,2,0.039,43,188,0.9911,3.3,0.41,12,6,1012
7,0.21,0.34,8.5,0.033,31,253,0.9953,3.22,0.56,10.5,6,1013
7.5,0.18,0.45,4.6,0.041,67,158,0.9927,3.01,0.38,10.6,6,1014
7.2,0.17,0.28,17.55,0.05,33,154,0.99971,2.94,0.43,9,7,1015
6.1,0.38,0.42,5,0.016,31,113,0.99007,3.15,0.31,12.4,7,1016
7.1,0.33,0.64,13.2,0.056,12,105,0.9972,3.05,0.39,9.2,5,1017
7.5,0.23,0.35,17.8,0.058,128,212,1.00241,3.44,0.43,8.9,5,1018
6,0.14,0.37,1.2,0.032,63,148,0.99185,3.32,0.44,11.2,5,1019
5.6,0.18,0.58,1.25,0.034,29,129,0.98984,3.51,0.6,12,7,1020
8,0.28,0.32,7.6,0.045,61,204,0.99543,3.1,0.55,10.1,6,1021
7.6,0.23,0.4,5.2,0.066,14,91,0.99488,3.17,0.8,9.7,5,1022
7.2,0.18,0.41,1.2,0.048,41,97,0.9919,3.14,0.45,10.4,5,1023
5.2,0.17,0.27,0.7,0.03,11,68,0.99218,3.3,0.41,9.8,5,1024
6,0.34,0.66,15.9,0.046,26,164,0.9979,3.14,0.5,8.8,6,1025
8.1,0.3,0.31,1.1,0.041,49,123,0.9914,2.99,0.45,11.1,6,1026
6.2,0.36,0.38,3.2,0.031,20,89,0.98956,3.06,0.33,12,7,1027
5.2,0.155,0.33,1.6,0.028,13,59,0.98975,3.3,0.84,11.9,8,1028
7.8,0.3,0.29,16.85,0.054,23,135,0.9998,3.16,0.38,9,6,1029
7.5,0.19,0.4,7.1,0.056,50,110,0.9954,3.06,0.52,9.9,6,1030
7.4,0.16,0.31,6.85,0.059,31,131,0.9952,3.29,0.34,9.7,5,1031
5.7,0.27,0.16,9,0.053,32,111,0.99474,3.36,0.37,10.4,6,1032
6.3,0.24,0.29,13.7,0.035,53,134,0.99567,3.17,0.38,10.6,6,1033
8,0.24,0.33,1.2,0.044,28,101,0.99035,3.03,0.43,12.5,6,1034
6.1,0.27,0.32,1.1,0.034,24,110,0.9898,3.36,0.4,12.5,6,1035
5.9,0.35,0.47,2.2,0.11,14,138,0.9932,3.09,0.5,9.1,5,1036
7.4,0.37,0.26,9.6,0.05,33,134,0.99608,3.13,0.46,10.4,5,1037
6,0.29,0.21,1.3,0.055,42,168,0.9914,3.32,0.43,11.1,6,1038
4.8,0.13,0.32,1.2,0.042,40,98,0.9898,3.42,0.64,11.8,7,1039
7.4,0.18,0.3,10.4,0.045,44,174,0.9966,3.11,0.57,9.7,6,1040
7.9,0.21,0.39,2,0.057,21,138,0.99176,3.05,0.52,10.9,5,1041
8.4,0.2,0.38,11.8,0.055,51,170,1.0004,3.34,0.82,8.9,6,1042
8.1,0.27,0.33,1.3,0.045,26,100,0.99066,2.98,0.44,12.4,6,1043
7,0.32,0.35,1.5,0.039,24,125,0.9918,3.17,0.64,12.2,6,1044
6.9,0.33,0.26,5,0.027,46,143,0.9924,3.25,0.43,11.2,7,1045
7,0.15,0.28,14.7,0.051,29,149,0.99792,2.96,0.39,9,7,1046
5.2,0.22,0.46,6.2,0.066,41,187,0.99362,3.19,0.42,9.733333333,5,1047
7,0.15,0.34,1.4,0.039,21,177,0.9927,3.32,0.62,10.8,5,1048
7.2,0.33,0.22,4.5,0.031,10,73,0.99076,2.97,0.52,12.2,7,1049
6.1,0.125,0.25,3.3,0.04,10,69,0.9934,3.54,0.59,10.1,6,1050
6.9,0.24,0.33,4.8,0.04,16,131,0.9936,3.26,0.64,10.7,6,1051
5.7,0.12,0.26,5.5,0.034,21,99,0.99324,3.09,0.57,9.9,6,1052
6.2,0.27,0.47,1.2,0.146,28,105,0.99224,3.23,0.51,10.1,5,1053
5.6,0.35,0.37,1,0.038,6,72,0.9902,3.37,0.34,11.4,5,1054
7.3,0.22,0.41,15.4,0.05,55,191,1,3.32,0.59,8.9,6,1055
6.4,0.2,0.32,3.1,0.041,18,126,0.9914,3.43,0.42,12,6,1056
6.1,1.1,0.16,4.4,0.033,8,109,0.99058,3.35,0.47,12.4,4,1057
7.4,0.4,0.41,14.1,0.053,37,194,0.99886,3.2,0.63,9.4,6,1058
8,0.2,0.4,5.2,0.055,41,167,0.9953,3.18,0.4,10.6,7,1059
7.1,0.26,0.3,2,0.031,13,128,0.9917,3.19,0.49,11.4,5,1060
6.8,0.73,0.2,6.6,0.054,25,65,0.99324,3.12,0.28,11.1,4,1061
8.7,0.31,0.73,14.35,0.044,27,191,1.00013,2.96,0.88,8.7,5,1062
6.1,0.15,0.29,6.2,0.046,39,151,0.99471,3.6,0.44,10.6,6,1063
6.4,0.38,0.2,5.3,0.117,57,181,0.99459,3.24,0.43,9.5,6,1064
5.9,0.32,0.33,2.1,0.027,35,138,0.98945,3.37,0.42,12.7,6,1065
6,0.26,0.29,3.1,0.041,37,144,0.98944,3.22,0.39,12.8,7,1066
7,0.36,0.25,5.7,0.015,14,73,0.98963,2.82,0.59,13.2,6,1067
6.8,0.43,0.3,3.5,0.033,27,135,0.9906,3,0.37,12,6,1068
7.8,0.26,0.49,3.1,0.045,21,116,0.9931,3.16,0.35,10.3,5,1069
6.7,0.265,0.22,8.6,0.048,54,198,0.9955,3.25,0.41,10.2,5,1070
8,0.45,0.36,8.8,0.026,50,151,0.9927,3.07,0.25,12.7,8,1071
6.4,0.25,0.74,7.8,0.045,52,209,0.9956,3.21,0.42,9.2,6,1072
6.8,0.18,0.28,8.7,0.047,52,242,0.9952,3.22,0.53,10.5,6,1073
7.1,0.17,0.4,14.55,0.047,47,156,0.99945,3.34,0.78,9.1,6,1074
7,0.24,0.24,9,0.03,42,219,0.99636,3.47,0.46,10.2,6,1075
6.7,0.18,0.28,10.2,0.039,29,115,0.99469,3.11,0.45,10.9,7,1076
7.1,0.28,0.35,3.5,0.028,35,91,0.99022,2.96,0.33,12.1,5,1077
6,0.2,0.24,1.8,0.03,30,105,0.9909,3.31,0.47,11.5,6,1078
7,0.45,0.34,19.8,0.04,12,67,0.9976,3.07,0.38,11,6,1079
6.8,0.33,0.3,2.1,0.047,35,147,0.9886,3.24,0.56,13.4,6,1080
6.8,0.15,0.41,12.9,0.044,79.5,182,0.99742,3.24,0.78,10.2,6,1081
6.8,0.33,0.44,7,0.05,29,155,0.9955,3.14,0.42,9.5,5,1082
6.7,0.25,0.26,13.5,0.06,50,156,0.99784,3.39,0.46,9.9,6,1083
6.2,0.27,0.32,6.3,0.048,47,159,0.99282,3.21,0.6,11,6,1084
9.6,0.655,0.21,2,0.039,21,120,0.99188,3,1,12.6,6,1085
5.8,0.24,0.28,1.4,0.038,40,76,0.98711,3.1,0.29,13.9,7,1086
7.7,0.43,1,19.95,0.032,42,164,0.99742,3.29,0.5,12,6,1087
6.1,0.3,0.56,2.7,0.046,46,184,0.9924,3.31,0.57,10.9,6,1088
7.4,0.25,0.49,1.1,0.042,35,156,0.9917,3.13,0.55,11.3,5,1089
6.6,0.25,0.41,7.4,0.043,29,151,0.9946,3.15,0.6,10.2,7,1090
5.9,0.3,0.47,7.85,0.03,19,133,0.9933,3.52,0.43,11.5,7,1091
6.3,0.39,0.24,6.9,0.069,9,117,0.9942,3.15,0.35,10.2,4,1092
6.8,0.22,0.31,1.4,0.053,34,114,0.9929,3.39,0.77,10.6,6,1093
7.8,0.43,0.49,13,0.033,37,158,0.9955,3.14,0.35,11.3,6,1094
9.8,0.36,0.45,1.6,0.042,11,124,0.9944,2.93,0.46,10.8,5,1095
6.3,0.33,0.2,17.9,0.066,36,161,0.9991,3.14,0.51,8.8,5,1096
5.6,0.19,0.47,4.5,0.03,19,112,0.9922,3.56,0.45,11.2,6,1097
6.8,0.11,0.27,8.6,0.044,45,104,0.99454,3.2,0.37,9.9,6,1098
5.9,0.19,0.26,7.4,0.034,33,123,0.995,3.49,0.42,10.1,6,1099
6.3,0.23,0.33,6.9,0.052,23,118,0.9938,3.23,0.46,10.4,6,1100
6.8,0.17,0.17,5.1,0.049,26,82,0.993,3,0.38,9.8,6,1101
7.7,0.38,0.4,2,0.038,28,152,0.9906,3.18,0.32,12.9,6,1102
6.9,0.29,0.16,6.8,0.034,65,212,0.9955,3.08,0.39,9,6,1103
7.9,0.35,0.24,15.6,0.072,44,229,0.99785,3.03,0.59,10.5,6,1104
7.2,0.2,0.34,2.7,0.032,49,151,0.99,3.16,0.39,12.7,7,1105
7,0.33,0.32,1.2,0.053,38,138,0.9906,3.13,0.28,11.2,6,1106
6.6,0.23,0.32,0.9,0.041,25,79,0.9926,3.39,0.54,10.2,7,1107
6.3,0.26,0.49,1.5,0.052,34,134,0.9924,2.99,0.61,9.8,6,1108
7.5,0.38,0.33,9.2,0.043,19,116,0.99444,3.08,0.42,11.4,6,1109
7.7,0.28,0.39,8.9,0.036,8,117,0.9935,3.06,0.38,12,7,1110
7.4,0.31,0.28,1.6,0.05,33,137,0.9929,3.31,0.56,10.5,6,1111
5.7,0.22,0.2,16,0.044,41,113,0.99862,3.22,0.46,8.9,6,1112
7.5,0.29,0.31,8.95,0.055,20,151,0.9968,3.08,0.54,9.3,5,1113
7,0.24,0.35,1.5,0.052,51,128,0.9941,3.41,0.59,10.4,7,1114
6.8,0.31,0.42,6.9,0.046,50,173,0.9958,3.19,0.46,9,5,1115
7.3,0.22,0.3,8.2,0.047,42,207,0.9966,3.33,0.46,9.5,6,1116
5.7,0.28,0.3,3.9,0.026,36,105,0.98963,3.26,0.58,12.75,6,1117
5.9,0.25,0.27,1.5,0.029,37,81,0.9892,3.2,0.46,12.2,6,1118
6.1,0.3,0.56,2.8,0.044,47,179,0.9924,3.3,0.57,10.9,7,1119
7.8,0.24,0.32,12.2,0.054,42,138,0.9984,3.01,0.54,8.8,5,1120
7.2,0.29,0.18,8.2,0.042,41,180,0.99644,3.16,0.49,9.1,5,1121
6.9,0.39,0.4,4.6,0.022,5,19,0.9915,3.31,0.37,12.6,3,1122
6.8,0.19,0.34,1.9,0.04,41,108,0.99,3.25,0.45,12.9,6,1123
7.9,0.64,0.46,10.6,0.244,33,227,0.9983,2.87,0.74,9.1,3,1124
6.2,0.3,0.21,1.1,0.032,31,111,0.9889,2.97,0.42,12.2,6,1125
8.3,0.49,0.43,2.5,0.036,32,116,0.9944,3.23,0.47,10.7,6,1126
5.9,0.2,0.28,1,0.043,45,100,0.99033,3.4,0.41,11.4,6,1127
6.5,0.26,0.28,12.5,0.046,80,225,0.99685,3.18,0.41,10,6,1128
7.1,0.18,0.74,15.6,0.044,44,176,0.9996,3.38,0.67,9,6,1129
6.8,0.23,0.48,1.5,0.036,35,165,0.99162,3.18,0.45,11.3,6,1130
5.9,0.26,0.4,1.3,0.047,12,139,0.9945,3.45,0.53,10.4,5,1131
8.8,0.17,0.38,1.8,0.04,39,148,0.9942,3.16,0.67,10.2,6,1132
7,0.28,0.39,8.7,0.051,32,141,0.9961,3.38,0.53,10.5,6,1133
7.6,0.285,0.32,14.6,0.063,32,201,0.998,3,0.45,9.2,5,1134
6.4,0.28,0.23,6,0.051,50,162,0.994,3.15,0.52,10.2,5,1135
6.8,0.22,0.29,8.9,0.046,82,188,0.9955,3.3,0.44,10.3,6,1136
6.9,0.25,0.4,1.3,0.038,22,101,0.9901,3.03,0.39,11.4,6,1137
6.1,0.16,0.29,6,0.03,29,144,0.99474,3.68,0.46,10.7,6,1138
7.3,0.22,0.26,1.5,0.04,32,172,0.99194,3.27,0.48,11.2,6,1139
7.5,0.38,0.29,4.9,0.021,38,113,0.99026,3.08,0.48,13,7,1140
7.8,0.21,0.49,1.2,0.036,20,99,0.99,3.05,0.28,12.1,7,1141
7.4,0.4,0.29,5.4,0.044,31,122,0.994,3.3,0.5,11.1,8,1142
6.3,0.35,0.26,17.6,0.061,59,198,0.99918,3.11,0.49,8.8,5,1143
5.8,0.15,0.28,0.8,0.037,43,127,0.99198,3.24,0.51,9.3,5,1144
6.2,0.2,0.25,15,0.055,8,120,0.99767,3.19,0.53,9.6,6,1145
6.2,0.66,0.48,1.2,0.029,29,75,0.9892,3.33,0.39,12.8,8,1146
5.3,0.21,0.29,0.7,0.028,11,66,0.99215,3.3,0.4,9.8,5,1147
7,0.61,0.26,1.7,0.051,25,161,0.9946,3.36,0.6,10.6,4,1148
6.4,0.21,0.44,7.4,0.045,47,182,0.9957,3.24,0.46,9.1,5,1149
6.7,0.53,0.29,4.3,0.069,20,114,0.99014,3.22,0.59,13.4,6,1150
7.3,0.19,0.27,1.6,0.027,35,136,0.99248,3.38,0.54,11,7,1151
6.7,0.19,0.34,1,0.022,22,94,0.9912,3.23,0.57,11.1,6,1152
7.3,0.28,0.42,1.2,0.033,29,142,0.99205,3.17,0.43,10.7,4,1153
6.5,0.36,0.36,6.7,0.185,51.5,151,0.99528,3.17,0.42,9.3,5,1154
6.3,0.2,0.26,1.6,0.027,36,141,0.99268,3.53,0.56,10.8,6,1155
6.8,0.28,0.43,7.6,0.03,30,110,0.99164,3.08,0.59,12.5,8,1156
6.4,0.46,0.08,4.9,0.046,34,144,0.99445,3.1,0.56,10,5,1157
7.2,0.32,0.3,8.25,0.02,14,104,0.99362,2.99,0.44,11.4,6,1158
7.3,0.32,0.29,1.5,0.038,32,144,0.99296,3.2,0.55,10.8,5,1159
5.8,0.29,0.21,2.6,0.025,12,120,0.9894,3.39,0.79,14,7,1160
7.8,0.25,0.37,1,0.043,10,80,0.99128,3.08,0.38,11.4,5,1161
7,0.15,0.29,16.4,0.058,45,110,0.9978,3.15,0.37,9.7,6,1162
5.8,0.36,0.5,1,0.127,63,178,0.99212,3.1,0.45,9.7,5,1163
6,0.16,0.37,1.5,0.025,43,117,0.9928,3.46,0.51,9.7,6,1164
5.5,0.335,0.3,2.5,0.071,27,128,0.9924,3.14,0.51,9.6,6,1165
6.8,0.28,0.36,1.6,0.04,25,87,0.9924,3.23,0.66,10.3,6,1166
7.5,0.18,0.31,6.5,0.029,53,160,0.99276,3.03,0.38,10.9,6,1167
8.4,0.17,0.31,6.7,0.038,29,132,0.9945,3.1,0.32,10.6,7,1168
6.8,0.24,0.34,5.1,0.038,31,99,0.9921,3.24,0.46,11.8,6,1169
6.7,0.22,0.39,10.2,0.038,60,149,0.99725,3.17,0.54,10,7,1170
6.3,0.25,0.44,1.7,0.024,36,116,0.98935,3.18,0.4,12.5,6,1171
6.2,0.32,0.12,4.8,0.054,6,97,0.99424,3.16,0.5,9.3,5,1172
5.7,0.22,0.22,16.65,0.044,39,110,0.99855,3.24,0.48,9,6,1173
6.2,0.235,0.34,1.9,0.036,4,117,0.99032,3.4,0.44,12.2,5,1174
6.7,0.25,0.23,7.2,0.038,61,220,0.9952,3.14,0.35,9.5,5,1175
6.5,0.3,0.39,7.8,0.038,61,219,0.9959,3.19,0.5,9.4,5,1176
6.7,0.24,0.32,9,0.023,20,109,0.99262,3.34,0.35,12.6,6,1177
5.8,0.27,0.22,12.7,0.058,42,206,0.9946,3.32,0.38,12.3,6,1178
7.4,0.32,0.27,12.9,0.04,60,221,0.99831,3.05,0.66,9.4,5,1179
6.9,0.33,0.62,7.5,0.038,46,132,0.99143,3.23,0.43,13.4,7,1180
7,0.28,0.32,7.75,0.032,30,114,0.99158,3.12,0.64,12.8,7,1181
8,0.23,0.35,9.2,0.044,53,186,0.997,3.09,0.56,9.5,7,1182
7.2,0.19,0.27,11.2,0.061,46,149,0.99772,2.99,0.59,9.3,6,1183
9.2,0.28,0.49,11.8,0.042,29,137,0.998,3.1,0.34,10.1,4,1184
7.4,0.31,0.26,8.6,0.048,47,206,0.9964,3.26,0.36,9.1,5,1185
7.7,0.38,0.23,10.8,0.03,28,95,0.99164,2.93,0.41,13.6,6,1186
6.9,0.19,0.33,1.6,0.043,63,149,0.9925,3.44,0.52,10.8,5,1187
7.2,0.23,0.33,12.7,0.049,50,183,0.9987,3.41,0.4,9.8,5,1188
7.2,0.23,0.38,14.3,0.058,55,194,0.9979,3.09,0.44,9,6,1189
7.3,0.23,0.24,0.9,0.031,29,86,0.98926,2.9,0.38,12.2,6,1190
6.4,0.28,0.29,1.6,0.052,34,127,0.9929,3.48,0.56,10.5,7,1191
6.1,0.3,0.47,1.4,0.049,50,187,0.9927,3.19,0.45,9.5,5,1192
8.5,0.56,0.74,17.85,0.051,51,243,1.0005,2.99,0.7,9.2,5,1193
6.5,0.26,0.34,1.4,0.04,25,184,0.99216,3.29,0.46,10.7,5,1194
7,0.13,0.3,5,0.056,31,122,0.9945,3.47,0.42,10.5,6,1195
4.8,0.33,0,6.5,0.028,34,163,0.9937,3.35,0.61,9.9,5,1196
7.1,0.38,0.4,2.2,0.042,54,201,0.99177,3.03,0.5,11.4,5,1197
9,0.27,0.35,4.9,0.028,27,95,0.9932,3.04,0.4,11.3,6,1198
7,0.39,0.31,5.3,0.169,32,162,0.9965,3.2,0.48,9.4,5,1199
5.6,0.28,0.28,4.2,0.044,52,158,0.992,3.35,0.44,10.7,7,1200
8.1,0.25,0.38,3.8,0.051,18,129,0.9928,3.21,0.38,11.5,6,1201
6.2,0.27,0.32,8.8,0.047,65,224,0.9961,3.17,0.47,8.9,5,1202
6.6,0.22,0.28,12.05,0.058,25,125,0.99856,3.45,0.45,9.4,5,1203
7.1,0.39,0.39,11.1,0.034,25,204,0.99616,3.05,0.52,10,6,1204
7,0.26,0.26,10.8,0.039,37,184,0.99787,3.47,0.58,10.3,7,1205
6.6,0.21,0.36,0.8,0.034,48,113,0.99165,3.24,0.68,10.5,6,1206
7.1,0.17,0.38,7.4,0.052,49,182,0.9958,3.35,0.52,9.6,6,1207
7.9,0.17,0.32,1.6,0.053,47,150,0.9948,3.29,0.76,9.6,6,1208
7.6,0.21,0.44,1.9,0.036,10,119,0.9913,3.01,0.7,12.8,6,1209
6.9,0.24,0.36,20.8,0.031,40,139,0.9975,3.2,0.33,11,6,1210
7.3,0.36,0.54,13.3,0.054,63,193,0.99864,3.06,0.49,8.6,4,1211
7.7,0.39,0.28,4.9,0.035,36,109,0.9918,3.19,0.58,12.2,7,1212
7,0.29,0.26,1.6,0.044,12,87,0.9923,3.08,0.46,10.5,6,1213
5.8,0.14,0.15,6.1,0.042,27,123,0.99362,3.06,0.6,9.9,6,1214
6.2,0.23,0.35,0.7,0.051,24,111,0.9916,3.37,0.43,11,3,1215
6.4,0.22,0.31,13.9,0.04,57,135,0.99672,3.21,0.38,10.7,5,1216
7.7,0.34,0.27,8.8,0.063,39,184,0.9969,3.09,0.63,9.2,6,1217
9,0.31,0.49,6.9,0.034,26,91,0.9937,2.99,0.34,11.5,5,1218
9.6,0.21,0.28,1.2,0.038,12,53,0.9926,2.8,0.46,10.6,5,1219
7.9,0.29,0.36,11.1,0.033,43,208,0.9969,3.14,0.46,10.3,5,1220
7.4,0.19,0.31,14.5,0.045,39,193,0.9986,3.1,0.5,9.2,6,1221
6.7,0.31,0.33,2,0.033,12,74,0.99064,3.29,0.65,12.5,6,1222
5.8,0.27,0.4,1.2,0.076,47,130,0.99185,3.13,0.45,10.3,6,1223
7.4,0.21,0.8,12.3,0.038,77,183,0.99778,2.95,0.48,9,5,1224
5.8,0.32,0.2,2.6,0.027,17,123,0.98936,3.36,0.78,13.9,7,1225
5.2,0.24,0.45,3.8,0.027,21,128,0.992,3.55,0.49,11.2,8,1226
6.8,0.2,0.38,4.7,0.04,27,103,0.994,3.37,0.58,10.7,6,1227
7.7,0.27,0.34,1.8,0.028,26,168,0.9911,2.99,0.48,12.1,7,1228
6.7,0.16,0.32,12.5,0.035,18,156,0.99666,2.88,0.36,9,6,1229
6.9,0.19,0.4,1.4,0.036,14,55,0.9909,3.08,0.68,11.5,7,1230
8.7,0.49,0.57,17.8,0.052,34,243,1.0007,2.98,0.82,9,5,1231
6.6,0.58,0.3,5.1,0.057,30,123,0.9949,3.24,0.38,9,5,1232
6.7,0.24,0.26,12.6,0.053,44,182,0.99802,3.42,0.42,9.7,5,1233
7,0.35,0.17,1.1,0.049,7,119,0.99297,3.13,0.36,9.7,6,1234
6.5,0.19,0.34,1.6,0.029,39,116,0.98954,3.21,0.68,12.5,6,1235
7.6,0.31,0.23,12.7,0.054,20,139,0.99836,3.16,0.5,9.7,4,1236
6.9,0.25,0.26,5.2,0.024,36,135,0.9948,3.16,0.72,10.7,7,1237
8.3,0.24,0.27,2.1,0.03,22,162,0.9914,2.99,0.68,11.9,6,1238
7,0.28,0.33,14.6,0.043,47,168,0.9994,3.34,0.67,8.8,6,1239
6.4,0.18,0.32,9.6,0.052,24,90,0.9963,3.35,0.49,9.4,6,1240
6.6,0.545,0.04,2.5,0.031,48,111,0.9906,3.14,0.32,11.9,5,1241
7.4,0.27,0.48,1.1,0.047,17,132,0.9914,3.19,0.49,11.6,6,1242
7.3,0.28,0.37,1.2,0.039,26,99,0.99198,3.01,0.62,10.8,5,1243
9.3,0.31,0.49,1.3,0.042,34,147,0.9948,3.11,0.46,9.8,5,1244
6.1,0.25,0.49,7.6,0.052,67,226,0.9956,3.16,0.47,8.9,5,1245
6.2,0.2,0.49,1.6,0.065,17,143,0.9937,3.22,0.52,9.2,6,1246
7.2,0.16,0.35,1.2,0.031,27,84,0.9928,3.33,0.34,9.9,5,1247
7.1,0.13,0.4,1.2,0.047,54,134,0.9932,3.3,0.97,9.8,7,1248
7,0.32,0.31,6.4,0.031,38,115,0.99235,3.38,0.58,12.2,7,1249
7.8,0.965,0.6,65.8,0.074,8,160,1.03898,3.39,0.69,11.7,6,1250
7.8,0.17,0.5,1.3,0.045,35,140,0.9904,3.16,0.4,12,6,1251
7.2,0.4,0.49,1.1,0.048,11,138,0.9929,3.01,0.42,9.3,5,1252
6.3,0.25,0.23,14.9,0.039,47,142,0.99705,3.14,0.35,9.7,6,1253
6.2,0.37,0.24,6.1,0.032,19,86,0.98934,3.04,0.26,13.4,8,1254
7.2,0.25,0.32,1.5,0.054,24,105,0.99154,3.17,0.48,11.1,6,1255
7.1,0.27,0.27,10.4,0.041,26,114,0.99335,3.04,0.52,11.5,7,1256
6.2,0.22,0.28,2.2,0.04,24,125,0.9917,3.19,0.48,10.5,6,1257
7.4,0.13,0.39,4.7,0.042,36,137,0.995,3.36,0.56,10.3,7,1258
6.4,0.24,0.29,11.4,0.051,32,166,0.9968,3.31,0.45,9.5,5,1259
5.5,0.23,0.19,2.2,0.044,39,161,0.99209,3.19,0.43,10.4,6,1260
7.2,0.34,0.28,10.4,0.108,43,187,0.99738,2.96,0.57,9.4,5,1261
6.7,0.37,0.25,2.5,0.028,24,84,0.9909,3.14,0.36,11.7,6,1262
7,0.2,0.37,2,0.03,26,136,0.9932,3.28,0.61,10.2,6,1263
6.6,0.24,0.22,12.3,0.051,35,146,0.99676,3.1,0.67,9.4,5,1264
6.8,0.25,0.28,5,0.035,42,126,0.99048,3.12,0.38,12.6,7,1265
8,0.18,0.49,1.8,0.061,10,145,0.9942,3.23,0.48,10,5,1266
8,0.22,0.28,14,0.053,83,197,0.9981,3.14,0.45,9.8,6,1267
6.4,0.28,0.17,8.3,0.042,61,195,0.99577,3.22,0.46,9.4,5,1268
6.7,0.21,0.32,5.4,0.047,29,140,0.995,3.39,0.46,9.7,6,1269
7.8,0.13,0.3,1.8,0.04,43,179,0.9955,3.43,0.41,9,5,1270
6.3,0.255,0.37,1.1,0.04,37,114,0.9905,3,0.39,10.9,6,1271
6.7,0.46,0.18,2.4,0.034,25,98,0.9896,3.08,0.44,12.6,7,1272
6,0.13,0.36,1.6,0.052,23,72,0.98974,3.1,0.5,11.5,7,1273
6.3,0.31,0.34,2.2,0.045,20,77,0.9927,3.3,0.43,10.2,5,1274
6.7,0.28,0.28,4.5,0.051,14,92,0.99224,3.36,0.58,11.9,6,1275
8.3,0.16,0.48,1.7,0.057,31,98,0.9943,3.15,0.41,10.3,6,1276
6.1,0.3,0.32,2.2,0.042,41,142,0.98952,3.31,0.44,12.7,7,1277
6.2,0.31,0.23,3.3,0.052,34,113,0.99429,3.16,0.48,8.4,5,1278
8.4,0.35,0.56,13.8,0.048,55,190,0.9993,3.07,0.58,9.4,6,1279
7.5,0.24,0.49,9.4,0.048,50,149,0.9962,3.17,0.59,10.5,7,1280
7.7,0.26,0.32,1.2,0.04,26,117,0.993,3.21,0.56,10.8,5,1281
6.4,0.595,0.14,5.2,0.058,15,97,0.9951,3.38,0.36,9,4,1282
7.2,0.2,0.61,16.2,0.043,14,103,0.9987,3.06,0.36,9.2,6,1283
6.7,0.28,0.34,8.9,0.048,32,111,0.99455,3.25,0.54,11,7,1284
6.6,0.64,0.28,4.4,0.032,19,78,0.99036,3.11,0.62,12.9,6,1285
5.8,0.19,0.25,10.8,0.042,33,124,0.99646,3.22,0.41,9.2,6,1286
5.9,0.29,0.16,7.9,0.044,48,197,0.99512,3.21,0.36,9.4,5,1287
8.2,0.28,0.42,1.8,0.031,30,93,0.9917,3.09,0.39,11.4,5,1288
6.2,0.3,0.32,1.2,0.052,32,185,0.99266,3.28,0.44,10.1,5,1289
8.3,0.14,0.36,8.8,0.026,13,60,0.9956,3.13,0.35,11.05,5,1290
6.5,0.32,0.12,11.5,0.033,35,165,0.9974,3.22,0.32,9,5,1291
7.1,0.23,0.39,13.7,0.058,26,172,0.99755,2.9,0.46,9,6,1292
6.5,0.32,0.45,7.7,0.022,31,97,0.99134,3.2,0.7,12.7,7,1293
5.4,0.22,0.35,6.5,0.029,26,87,0.99092,3.29,0.44,12.5,7,1294
6.4,0.14,0.31,1.2,0.034,53,138,0.99084,3.38,0.35,11.5,7,1295
6.8,0.26,0.32,7,0.041,38,118,0.9939,3.25,0.52,10.8,6,1296
6.4,0.28,0.19,5.4,0.042,67,181,0.99435,3.31,0.35,10.2,6,1297
6.8,0.37,0.51,11.8,0.044,62,163,0.9976,3.19,0.44,8.8,5,1298
7,0.22,0.26,1.1,0.037,20,71,0.9902,3.1,0.38,11.7,6,1299
6,0.13,0.28,5.7,0.038,56,189.5,0.9948,3.59,0.43,10.6,7,1300
6.9,0.18,0.33,1,0.054,24,164,0.9926,3.42,0.51,10.5,5,1301
5.2,0.335,0.2,1.7,0.033,17,74,0.99002,3.34,0.48,12.3,6,1302
7.3,0.41,0.24,6.8,0.057,41,163,0.9949,3.2,0.41,9.9,6,1303
6.4,0.32,0.26,7.9,0.05,53,180,0.99514,3.14,0.5,9.6,5,1304
5.8,0.32,0.31,2.7,0.049,25,153,0.99067,3.44,0.73,12.2,7,1305
6.4,0.3,0.16,7.5,0.05,55,191,0.9959,3.17,0.49,9,5,1306
6.4,0.23,0.35,10.3,0.042,54,140,0.9967,3.23,0.47,9.2,5,1307
6,0.24,0.28,3.95,0.038,61,134,0.99146,3.3,0.54,11.3,7,1308
6.2,0.28,0.45,7.5,0.045,46,203,0.99573,3.26,0.46,9.2,6,1309
6.9,0.19,0.49,6.6,0.036,49,172,0.9932,3.2,0.27,11.5,6,1310
7.4,0.25,0.28,7.25,0.028,14,78,0.99238,2.94,0.37,11.5,7,1311
6.1,0.45,0.27,0.8,0.039,13,82,0.9927,3.23,0.32,9.5,5,1312
6.6,0.22,0.23,17.3,0.047,37,118,0.99906,3.08,0.46,8.8,6,1313
7.4,0.21,0.27,1.2,0.041,27,99,0.9927,3.19,0.33,9.8,6,1314
6.6,0.24,0.35,7.7,0.031,36,135,0.9938,3.19,0.37,10.5,5,1315
6.2,0.22,0.3,12.4,0.054,108,152,0.99728,3.1,0.47,9.5,6,1316
6.4,0.31,0.4,6.4,0.039,39,191,0.99513,3.14,0.52,9.8,5,1317
5.6,0.185,0.19,7.1,0.048,36,110,0.99438,3.26,0.41,9.5,6,1318
6.6,0.22,0.35,1.4,0.05,23,83,0.99019,3.17,0.48,12,7,1319
6.8,0.22,0.35,17.5,0.039,38,153,0.9994,3.24,0.42,9,6,1320
6.8,0.24,0.29,2,0.044,15,96,0.99232,3.23,0.64,10.4,8,1321
6.4,0.4,0.25,4.2,0.032,15,91,0.98988,3.26,0.52,13.1,6,1322
6.9,0.16,0.3,9.6,0.057,50,185,0.9978,3.39,0.38,9.6,6,1323
6.4,0.225,0.48,2.2,0.115,29,104,0.9918,3.24,0.58,12.1,6,1324
6.4,0.24,0.23,7.3,0.069,31,157,0.9962,3.25,0.53,9.1,5,1325
8.1,0.26,0.37,1.9,0.072,48,159,0.9949,3.37,0.7,10.9,6,1326
6.8,0.23,0.39,16.1,0.053,71,194,0.9988,3.18,0.64,10.2,6,1327
5.7,0.26,0.3,1.8,0.039,30,105,0.98995,3.48,0.52,12.5,7,1328
6.6,0.18,0.26,17.3,0.051,17,149,0.9984,3,0.43,9.4,6,1329
6,0.31,0.27,2.3,0.042,19,120,0.98952,3.32,0.41,12.7,7,1330
6.9,0.19,0.35,13.5,0.038,49,118,0.99546,3,0.63,10.7,6,1331
7.1,0.18,0.42,1.4,0.045,47,157,0.9916,2.95,0.31,10.5,6,1332
8.1,0.5,0.47,1.1,0.037,23,126,0.9938,3.21,0.42,10.9,5,1333
9.4,0.17,0.55,1.6,0.049,14,94,0.9949,3.02,0.61,10.3,6,1334
7.3,0.155,0.49,1.3,0.039,34,136,0.9926,3.14,0.77,10.5,6,1335
6.6,0.34,0.2,1,0.053,26,112,0.99336,3.32,0.55,9.1,5,1336
6.8,0.15,0.41,12.9,0.044,79.5,183,0.99742,3.24,0.78,10.2,6,1337
6.3,0.19,0.32,2.8,0.046,18,80,0.99043,2.92,0.47,11.05,6,1338
7.6,0.28,0.49,20.15,0.06,30,145,1.00196,3.01,0.44,8.5,5,1339
6,0.2,0.33,1.1,0.039,45,126,0.99051,3.31,0.45,11.6,7,1340
6.2,0.36,0.45,10.4,0.06,22,184,0.99711,3.31,0.56,9.8,6,1341
6.4,0.27,0.29,3.9,0.034,62,140,0.99237,3.1,0.59,11.1,6,1342
7,0.3,0.28,2.2,0.042,21,177,0.99166,3.2,0.57,11.4,5,1343
6,0.26,0.32,3.8,0.029,48,180,0.99011,3.15,0.34,12,6,1344
7.7,0.25,0.49,2.5,0.047,31,169,0.99252,3.07,0.57,10.6,6,1345
7.8,0.28,0.25,3.4,0.024,27,99,0.98959,2.98,0.37,13,6,1346
8,0.17,0.29,2.4,0.029,52,119,0.98944,3.03,0.33,12.9,6,1347
7.1,0.31,0.17,1,0.042,21,144,0.99304,3.13,0.4,9.6,5,1348
7.6,0.23,0.29,8.6,0.053,65,146,0.9963,3.11,0.32,9.8,6,1349
6.7,0.11,0.26,14.8,0.053,44,95,0.99676,3.2,0.35,9.8,6,1350
7.1,0.26,0.32,14.45,0.074,29,107,0.998,2.96,0.42,9.2,6,1351
6,0.28,0.34,1.6,0.119,33,104,0.9921,3.19,0.38,10.2,6,1352
7.8,0.22,0.26,9,0.047,38,132,0.997,3.25,0.53,10.2,6,1353
6,0.26,0.42,5.2,0.027,70,178,0.9914,3.4,0.4,12.3,8,1354
6.8,0.37,0.28,1.9,0.024,64,106,0.98993,3.45,0.6,12.6,8,1355
6.2,0.25,0.44,15.8,0.057,39,167,0.99804,3.14,0.51,9.2,5,1356
6.8,0.19,0.71,17.5,0.042,21,114,0.99784,2.85,0.5,9.5,6,1357
6.5,0.32,0.23,8.5,0.051,20,138,0.9943,3.03,0.42,10.7,5,1358
7,0.13,0.37,12.85,0.042,36,105,0.99581,3.05,0.55,10.7,6,1359
5.9,0.3,0.3,2,0.03,38,142,0.98892,3.41,0.41,12.9,7,1360
6.5,0.25,0.32,9.9,0.045,41,128,0.99636,3.18,0.52,9.6,6,1361
8.6,0.485,0.29,4.1,0.026,19,101,0.9918,3.01,0.38,12.4,5,1362
4.4,0.32,0.39,4.3,0.03,31,127,0.98904,3.46,0.36,12.8,8,1363
8.1,0.24,0.26,11,0.043,41,211,0.99676,3.11,0.49,10,6,1364
6.5,0.19,0.1,1.3,0.046,23,107,0.9937,3.29,0.45,10,5,1365
7,0.24,0.3,4.2,0.04,41,213,0.9927,3.28,0.49,11.8,6,1366
6.2,0.22,0.2,20.8,0.035,58,184,1.00022,3.11,0.53,9,6,1367
7.2,0.23,0.39,14.2,0.058,49,192,0.9979,2.98,0.48,9,7,1368
5.8,0.34,0.21,7.2,0.041,48,146,0.99441,3.16,0.49,9.8,5,1369
4.9,0.335,0.14,1.3,0.036,69,168,0.99212,3.47,0.46,10.46666667,5,1370
7.1,0.21,0.27,8.6,0.056,26,111,0.9956,2.95,0.52,9.5,5,1371
6.5,0.08,0.33,1.9,0.028,23,93,0.991,3.34,0.7,12,7,1372
5.7,0.2,0.3,2.5,0.046,38,125,0.99276,3.34,0.5,9.9,6,1373
5.6,0.35,0.14,5,0.046,48,198,0.9937,3.3,0.71,10.3,5,1374
6.3,0.21,0.58,10,0.081,34,126,0.9962,2.95,0.46,8.9,5,1375
7,0.27,0.36,20.7,0.045,45,170,1.001,3,0.45,8.8,6,1376
6.9,0.25,0.35,9.2,0.034,42,150,0.9947,3.21,0.36,11.5,6,1377
7.2,0.24,0.19,7.7,0.045,53,176,0.9958,3.17,0.38,9.5,5,1378
7.2,0.2,0.28,1.6,0.028,13,168,0.99203,3.17,1.06,11.5,6,1379
5.1,0.14,0.25,0.7,0.039,15,89,0.9919,3.22,0.43,9.2,6,1380
7.8,0.28,0.34,1.6,0.028,32,118,0.9901,3,0.38,12.1,7,1381
8,0.34,0.49,9,0.033,39,180,0.9936,3.13,0.38,12.3,8,1382
6.3,0.26,0.29,2.2,0.043,35,175,0.9918,3.38,0.43,11.6,6,1383
7.5,0.17,0.32,1.7,0.04,51,148,0.9916,3.21,0.44,11.5,7,1384
5.1,0.35,0.26,6.8,0.034,36,120,0.99188,3.38,0.4,11.5,6,1385
6.4,0.25,0.74,7.8,0.045,52,209,0.9956,3.21,0.42,9.2,6,1386
6.3,0.24,0.22,11.9,0.05,65,179,0.99659,3.06,0.58,9.3,6,1387
7.8,0.27,0.35,1.2,0.05,36,140,0.99138,3.09,0.45,11.2,5,1388
6,0.39,0.17,12,0.046,65,246,0.9976,3.15,0.38,9,6,1389
7,0.16,0.32,8.3,0.045,38,126,0.9958,3.21,0.34,9.2,5,1390
7.6,0.19,0.32,18.75,0.047,32,193,1.00014,3.1,0.5,9.3,7,1391
6.4,0.14,0.28,7.9,0.057,21,82,0.99425,3.26,0.36,10,6,1392
7,0.3,0.51,13.6,0.05,40,168,0.9976,3.07,0.52,9.6,7,1393
6.2,0.15,0.27,11,0.035,46,116,0.99602,3.12,0.38,9.1,6,1394
6.3,0.26,0.25,7.8,0.058,44,166,0.9961,3.24,0.41,9,5,1395
6.4,0.25,0.53,6.6,0.038,59,234,0.9955,3.03,0.42,8.8,5,1396
7.1,0.36,0.56,1.3,0.046,25,102,0.9923,3.24,0.33,10.5,6,1397
6.9,0.21,0.24,1.8,0.021,17,80,0.98992,3.15,0.46,12.3,7,1398
6.5,0.33,0.38,2.5,0.047,30,148,0.98964,3.17,0.43,12.7,6,1399
7.9,0.27,0.27,1.7,0.034,25,122,0.99088,2.97,0.51,11.9,6,1400
7.1,0.36,0.4,1.95,0.033,26,118,0.98934,3.2,0.45,13.5,7,1401
5.8,0.3,0.38,4.9,0.039,22,86,0.98963,3.23,0.58,13.1,7,1402
7.1,0.25,0.25,1.6,0.046,50,181,0.9925,3.2,0.42,11,7,1403
6.5,0.33,0.3,3.8,0.036,34,88,0.99028,3.25,0.63,12.5,7,1404
8.1,0.28,0.4,6.9,0.05,30,97,0.9951,3.26,0.44,10.1,6,1405
6.9,0.28,0.41,1.7,0.05,10,136,0.993,3.16,0.71,11.4,6,1406
8.8,0.2,0.43,15,0.053,60,184,1.0008,3.28,0.79,8.8,6,1407
6.4,0.17,0.27,9.9,0.047,26,101,0.99596,3.34,0.5,9.9,6,1408
8.9,0.26,0.33,8.1,0.024,47,202,0.99558,3.13,0.46,10.8,6,1409
8.8,0.19,0.3,5,0.028,34,120,0.99242,2.94,0.47,11.2,5,1410
6,0.24,0.33,2.5,0.026,31,85,0.99014,3.13,0.5,11.3,7,1411
6,0.25,0.28,7.7,0.053,37,132,0.99489,3.06,0.5,9.4,6,1412
6.7,0.28,0.31,7.4,0.041,7,81,0.99254,3.04,0.47,11.4,8,1413
7.4,0.33,0.26,15.6,0.049,67,210,0.99907,3.06,0.68,9.5,5,1414
7.6,0.32,0.36,1.6,0.04,32,155,0.993,3.23,0.52,11.3,6,1415
6.9,0.34,0.3,4.7,0.029,34,148,0.99165,3.36,0.49,12.3,7,1416
6.7,0.15,0.32,7.9,0.034,17,81,0.99512,3.29,0.31,10,6,1417
7.8,0.25,0.37,1,0.043,10,80,0.99128,3.08,0.38,11.4,5,1418
5.9,0.26,0.24,2.4,0.046,27,132,0.99234,3.63,0.73,11.3,5,1419
7.3,0.25,0.36,2.1,0.034,30,177,0.99085,3.25,0.4,11.9,8,1420
7.4,0.18,0.36,13.1,0.056,72,163,1,3.42,0.35,9.1,6,1421
9.8,0.44,0.4,2.8,0.036,35,167,0.9956,2.97,0.39,9.2,5,1422
6.4,0.17,0.34,13.4,0.044,45,139,0.99752,3.06,0.43,9.1,6,1423
6.4,0.15,0.44,1.2,0.043,67,150,0.9907,3.14,0.73,11.2,7,1424
7.1,0.26,0.49,2.2,0.032,31,113,0.9903,3.37,0.42,12.9,9,1425
7.1,0.37,0.67,10.5,0.045,49,155,0.9975,3.16,0.44,8.7,5,1426
8.3,0.27,0.34,10.2,0.048,50,118,0.99716,3.18,0.51,10.3,5,1427
6.3,0.26,0.21,4,0.03,24,125,0.9915,3.06,0.34,10.7,6,1428
7.6,0.67,0.14,1.5,0.074,25,168,0.9937,3.05,0.51,9.3,5,1429
7.7,0.44,0.24,11.2,0.031,41,167,0.9948,3.12,0.43,11.3,7,1430
6.5,0.35,0.28,12.4,0.051,86,213,0.9962,3.16,0.51,9.9,6,1431
7.3,0.2,0.26,1.6,0.04,36,123,0.99238,3.34,0.44,10.8,6,1432
6.4,0.22,0.34,1.4,0.023,56,115,0.98958,3.18,0.7,11.7,6,1433
5.9,0.29,0.33,7.4,0.037,58,205,0.99495,3.26,0.41,9.6,5,1434
6.2,0.15,0.49,0.9,0.033,17,51,0.9932,3.3,0.7,9.4,6,1435
7.8,0.4,0.26,9.5,0.059,32,178,0.9955,3.04,0.43,10.9,6,1436
6.1,0.25,0.48,15.8,0.052,25,94,0.99782,3.07,0.45,9.2,6,1437
6.8,0.27,0.3,13,0.047,69,160,0.99705,3.16,0.5,9.6,6,1438
6.8,0.21,0.37,7,0.038,27,107,0.99206,2.98,0.82,11.5,6,1439
8.1,0.26,0.33,11.1,0.052,52.5,158,0.9976,3.03,0.49,10.2,7,1440
7.1,0.25,0.49,3,0.03,30,96,0.9903,3.13,0.39,12.3,7,1441
7.3,0.22,0.4,14.75,0.042,44.5,129.5,0.9998,3.36,0.41,9.1,7,1442
4.4,0.54,0.09,5.1,0.038,52,97,0.99022,3.41,0.4,12.2,7,1443
7.1,0.26,0.32,16.2,0.044,31,170,0.99644,3.17,0.37,11.2,5,1444
6.6,0.26,0.22,18.15,0.05,23,139,0.99904,3.06,0.5,9.2,5,1445
7.1,0.44,0.37,2.7,0.041,35,128,0.9896,3.07,0.43,13.5,7,1446
6.6,0.17,0.26,7.4,0.052,45,128,0.99388,3.16,0.37,10,6,1447
6.6,0.31,0.49,7.7,0.05,52,220,0.9964,3.12,0.45,8.8,5,1448
7.7,0.28,0.58,12.1,0.046,60,177,0.9983,3.08,0.46,8.9,5,1449
6.3,0.17,0.32,4.2,0.04,37,117,0.99182,3.24,0.43,11.3,6,1450
5.4,0.17,0.27,2.7,0.049,28,104,0.99224,3.46,0.55,10.3,6,1451
6.8,0.26,0.4,7.5,0.046,45,179,0.99583,3.2,0.49,9.3,5,1452
7,0.24,0.3,6.7,0.039,37,125,0.99436,3.2,0.39,9.9,5,1453
6.2,0.19,0.29,4.3,0.045,33,126,0.99658,3.18,0.42,9.3,6,1454
7,0.14,0.32,9,0.039,54,141,0.9956,3.22,0.43,9.4,6,1455
6.1,0.18,0.36,2,0.038,20,249.5,0.9923,3.37,0.79,11.3,6,1456
6.3,0.28,0.29,6.8,0.051,40,143,0.99374,3.43,0.59,11,6,1457
6.5,0.22,0.19,1.1,0.064,36,191,0.99297,3.05,0.5,9.5,6,1458
7.7,0.3,0.32,1.6,0.037,23,124,0.9919,2.93,0.33,11,6,1459
6.5,0.52,0.17,1.4,0.047,5,26,0.9932,3.26,0.32,10,4,1460
6.7,0.21,0.34,1.5,0.035,45,123,0.98949,3.24,0.36,12.6,7,1461
6.2,0.24,0.28,12.2,0.049,54,133,0.9952,3.19,0.37,10.7,6,1462
6.4,0.3,0.36,2,0.052,18,141,0.99273,3.38,0.53,10.5,6,1463
7.8,0.42,0.23,8.8,0.054,42,215,0.9971,3.02,0.58,9.2,6,1464
6.9,0.2,0.34,1.9,0.043,25,136,0.9935,3.31,0.6,10.1,4,1465
6.2,0.21,0.34,6.6,0.03,36,91,0.9914,3.32,0.45,12.5,7,1466
6.6,0.2,0.14,4.4,0.184,35,168,0.99396,2.93,0.45,9.4,6,1467
6.9,0.4,0.17,12.9,0.033,59,186,0.99754,3.08,0.49,9.4,5,1468
6,0.29,0.41,10.8,0.048,55,149,0.9937,3.09,0.59,10.96666667,7,1469
7.4,0.3,0.32,1.7,0.03,23,128,0.9929,3.17,0.66,10.9,5,1470
7.4,0.16,0.27,15.5,0.05,25,135,0.9984,2.9,0.43,8.7,7,1471
6.7,0.26,0.29,7.1,0.036,28,100,0.99534,3.08,0.36,9.3,6,1472
8.3,0.36,0.57,15,0.052,35,256,1.0001,2.93,0.64,8.6,5,1473
6,0.29,0.25,1.4,0.033,30,114,0.98794,3.08,0.43,13.2,6,1474
6.7,0.18,0.3,6.4,0.048,40,251,0.9956,3.29,0.52,10,5,1475
6.4,0.25,0.33,1.7,0.037,35,113,0.99164,3.23,0.66,10.6,6,1476
7,0.21,0.28,8.7,0.045,37,222,0.9954,3.25,0.54,10.4,6,1477
6.7,0.32,0.32,1.7,0.031,31,114,0.98946,3.12,0.35,12.5,6,1478
5.9,0.12,0.28,1.4,0.037,36,83,0.99074,3.33,0.42,10.9,7,1479
6.5,0.24,0.28,1.1,0.034,26,83,0.98928,3.25,0.33,12.3,6,1480
7.5,0.2,0.47,16.9,0.052,51,188,0.99944,3.09,0.62,9.3,5,1481
6.1,0.32,0.33,10.7,0.036,27,98,0.99521,3.34,0.52,10.2,6,1482
7.4,0.25,0.36,13.2,0.067,53,178,0.9976,3.01,0.48,9,6,1483
6.2,0.26,0.32,15.3,0.031,64,185,0.99835,3.31,0.61,9.4,5,1484
8.5,0.21,0.26,9.25,0.034,73,142,0.9945,3.05,0.37,11.4,6,1485
7.6,0.15,0.35,4.3,0.051,23,98,0.99422,3.1,0.44,9.5,6,1486
7.3,0.36,0.34,14.8,0.057,46,173,0.99751,3.14,0.57,10.2,5,1487
7,0.36,0.32,10.05,0.045,37,131,0.99352,3.09,0.33,11.7,8,1488
7.6,0.15,0.4,1.3,0.036,24,112,0.9932,3.14,0.76,10,5,1489
7.4,0.24,0.42,14,0.066,48,198,0.9979,2.89,0.42,8.9,6,1490
7.1,0.18,0.49,1.3,0.033,12,72,0.99072,3.05,0.53,11.3,7,1491
6.5,0.28,0.34,9.9,0.038,30,133,0.9954,3.11,0.44,9.8,5,1492
6,0.22,0.23,5,0.045,10,122,0.99261,2.94,0.63,10,6,1493
6.6,0.25,0.31,1.5,0.035,32,127,0.9921,3.41,0.47,11.3,6,1494
6.5,0.36,0.38,10.2,0.028,20,82,0.99274,3.1,0.43,12.1,7,1495
7.3,0.24,0.39,17.95,0.057,45,149,0.9999,3.21,0.36,8.6,5,1496
6,0.24,0.41,1.3,0.036,42,118,0.99018,3.04,0.64,11.73333333,6,1497
6.5,0.21,0.4,7.3,0.041,49,115,0.99268,3.21,0.43,11,6,1498
6.6,0.43,0.24,11.9,0.04,54,159,0.99622,3.14,0.54,9.8,6,1499
7,0.17,0.37,1.5,0.028,26,75,0.9922,3.3,0.46,10.8,7,1500
6.2,0.36,0.14,8.9,0.036,38,155,0.99622,3.27,0.5,9.4,5,1501
7.9,0.17,0.32,1.6,0.053,47,150,0.9948,3.29,0.76,9.6,6,1502
7.4,0.35,0.24,6,0.042,28,123,0.99304,3.14,0.44,11.3,5,1503
6.8,0.2,0.36,1.6,0.028,7,46,0.99175,3.21,0.6,10.9,6,1504
5.5,0.24,0.45,1.7,0.046,22,113,0.99224,3.22,0.48,10,5,1505
7.1,0.49,0.22,2,0.047,146.5,307.5,0.9924,3.24,0.37,11,3,1506
6.6,0.32,0.33,2.5,0.052,40,210,0.99316,3.15,0.6,10,5,1507
5,0.33,0.16,1.5,0.049,10,97,0.9917,3.48,0.44,10.7,6,1508
7.1,0.64,0.49,1.8,0.05,17,128,0.9946,3.31,0.58,10.6,4,1509
6.3,0.35,0.3,5.7,0.035,8,97,0.9927,3.27,0.41,11,7,1510
5.8,0.2,0.16,1.4,0.042,44,99,0.98912,3.23,0.37,12.2,6,1511
6.4,0.18,0.28,17.05,0.047,53,139,0.99724,3.25,0.35,10.5,6,1512
6.4,0.29,0.18,15,0.04,21,116,0.99736,3.14,0.5,9.2,5,1513
6.6,0.38,0.36,9.2,0.061,42,214,0.9976,3.31,0.56,9.4,5,1514
5,0.35,0.25,7.8,0.031,24,116,0.99241,3.39,0.4,11.3,6,1515
6.9,0.25,0.34,1.3,0.035,27,82,0.99045,3.18,0.44,12.2,6,1516
6.7,0.24,0.32,9,0.023,20,109,0.99262,3.34,0.35,12.6,6,1517
7,0.13,0.37,12.85,0.042,36,105,0.99581,3.05,0.55,10.7,6,1518
8.3,0.2,0.35,0.9,0.05,12,74,0.992,3.13,0.38,10.5,6,1519
6.2,0.34,0.28,7.5,0.034,40,197,0.99485,3.14,0.6,9.7,5,1520
6.4,0.14,0.31,1.2,0.034,53,138,0.99084,3.38,0.35,11.5,7,1521
6.6,0.22,0.37,1.6,0.04,31,101,0.99009,3.15,0.66,12,5,1522
7,0.53,0.02,1,0.036,39,107,0.993,3.2,0.32,9,5,1523
6.5,0.14,0.33,7.6,0.05,53,189,0.9966,3.25,0.49,8.6,5,1524
6.8,0.36,0.32,1.6,0.039,10,124,0.9948,3.3,0.67,9.6,5,1525
7.3,0.32,0.35,1.4,0.05,8,163,0.99244,3.24,0.42,10.7,5,1526
7.6,0.48,0.28,10.4,0.049,57,205,0.99748,3.24,0.45,9.3,5,1527
7.6,0.52,0.49,14,0.034,37,156,0.9958,3.14,0.38,11.8,7,1528
6.7,0.33,0.49,1.6,0.167,20,94,0.9914,3.11,0.5,11.4,6,1529
6.4,0.22,0.3,11.2,0.046,53,149,0.99479,3.21,0.34,10.8,5,1530
6.5,0.38,0.34,3.4,0.036,34,200,0.9937,3.14,0.76,10,5,1531
5.1,0.33,0.27,6.7,0.022,44,129,0.99221,3.36,0.39,11,7,1532
6.8,0.26,0.29,11.9,0.052,54,160,0.99546,3.03,0.58,10.4,6,1533
7.2,0.28,0.3,10.7,0.044,61,222,0.9972,3.14,0.5,9.1,6,1534
6.6,0.36,0.47,1.4,0.145,26,124,0.99274,3.09,0.56,10.1,6,1535
8.1,0.31,0.36,8.2,0.028,29,142,0.9925,3.01,0.34,13,7,1536
6.1,0.255,0.44,12.3,0.045,53,197,0.9967,3.24,0.54,9.5,6,1537
6.1,0.23,0.45,10.6,0.094,49,169,0.99699,3.05,0.54,8.8,5,1538
6.6,0.34,0.4,8.1,0.046,68,170,0.99494,3.15,0.5,9.533333333,6,1539
7.1,0.32,0.29,4,0.038,33,170,0.99463,3.27,0.64,10.2,6,1540
7.4,0.26,0.31,7.6,0.047,52,177,0.9962,3.13,0.45,8.9,6,1541
7.6,0.345,0.26,1.9,0.043,15,134,0.9936,3.08,0.38,9.5,5,1542
6.2,0.34,0.29,7.6,0.047,45,232,0.9955,3.35,0.62,10,6,1543
6.2,0.2,0.25,15,0.055,8,120,0.99767,3.19,0.53,9.6,6,1544
7.2,0.16,0.29,1,0.031,40,123,0.98958,3.12,0.4,12.1,7,1545
6.4,0.24,0.31,2.8,0.038,41,114,0.99155,3.37,0.66,11.7,7,1546
7.1,0.36,0.37,4.8,0.019,39,114,0.99036,3.08,0.49,12.7,7,1547
6,0.44,0.26,3.1,0.053,57,128,0.98982,3.22,0.39,12.7,6,1548
6.9,0.26,0.31,7,0.039,37,175,0.99376,3.32,0.49,11.4,6,1549
8.5,0.22,0.34,0.7,0.04,5,25,0.9918,3.04,0.37,10.5,4,1550
5.6,0.13,0.27,4.8,0.028,22,104,0.9948,3.34,0.45,9.2,6,1551
5.7,0.26,0.27,4.1,0.201,73.5,189.5,0.9942,3.27,0.38,9.4,6,1552
7.2,0.21,0.41,1.3,0.036,33,85,0.992,3.17,0.51,10.4,5,1553
6.2,0.32,0.45,2.9,0.029,37,94,0.98998,3.25,0.6,12.4,6,1554
7.3,0.42,0.38,6.8,0.045,29,122,0.9925,3.19,0.37,12.6,7,1555
6.9,0.75,0.13,6.3,0.036,19,50,0.99312,3.09,0.25,11.1,4,1556
8.2,0.2,0.38,3.5,0.053,41,174,0.99306,3.22,0.41,11.6,5,1557
6.8,0.18,0.37,1.6,0.055,47,154,0.9934,3.08,0.45,9.1,5,1558
6.7,0.25,0.13,1.2,0.041,81,174,0.992,3.14,0.42,9.8,5,1559
5.2,0.31,0.2,2.4,0.027,27,117,0.98886,3.56,0.45,13,7,1560
7.2,0.08,0.49,1.3,0.05,18,148,0.9945,3.46,0.44,10.2,6,1561
6.5,0.22,0.45,8,0.053,52,196,0.9959,3.23,0.48,9.1,6,1562
6.6,0.32,0.26,7.7,0.054,56,209,0.9961,3.17,0.45,8.8,5,1563
9.9,0.49,0.23,2.4,0.087,19,115,0.9948,2.77,0.44,9.4,6,1564
5,0.33,0.18,4.6,0.032,40,124,0.99114,3.18,0.4,11,6,1565
6.1,0.33,0.32,7.8,0.052,52,183,0.99657,3.39,0.65,9.5,5,1566
6.5,0.2,0.31,2.1,0.033,32,95,0.989435,2.96,0.61,12,6,1567
6.4,0.23,0.39,1.8,0.032,23,118,0.9912,3.32,0.5,11.8,6,1568
8.6,0.18,0.4,1.1,0.04,20,107,0.9923,2.94,0.32,10.2,7,1569
6.5,0.37,0.33,3.5,0.036,23,92,0.99136,3.18,0.38,11.2,6,1570
5.9,0.25,0.19,12.4,0.047,50,162,0.9973,3.35,0.38,9.5,5,1571
8.5,0.25,0.31,2.8,0.032,11,61,0.99189,3.06,0.44,11.5,6,1572
6.6,0.23,0.29,14.45,0.057,29,144,0.99756,3.33,0.54,10.2,6,1573
8.4,0.22,0.3,1.3,0.038,45,122,0.99178,3.13,0.54,10.8,7,1574
10.3,0.17,0.47,1.4,0.037,5,33,0.9939,2.89,0.28,9.6,3,1575
6.3,0.33,0.27,1.2,0.046,34,175,0.9934,3.37,0.54,9.4,6,1576
6.9,0.42,0.2,15.4,0.043,57,201,0.99848,3.08,0.54,9.4,5,1577
8.3,0.27,0.45,1.3,0.048,8,72,0.9944,3.08,0.61,10.3,4,1578
6,0.41,0.23,1.1,0.066,22,148,0.99266,3.3,0.47,9.633333333,5,1579
5.9,0.27,0.32,2,0.034,31,102,0.98952,3.16,0.56,12.3,6,1580
7.5,0.33,0.28,4.9,0.042,21,155,0.99385,3.36,0.57,10.9,6,1581
6.8,0.4,0.29,2.8,0.044,27,97,0.9904,3.12,0.42,11.2,6,1582
9.2,0.71,0.23,6.2,0.042,15,93,0.9948,2.89,0.34,10.1,6,1583
6.6,0.21,0.29,5.35,0.029,43,106,0.99112,2.93,0.43,11.5,7,1584
5.9,0.23,0.24,3.8,0.038,61,152,0.99139,3.31,0.5,11.3,7,1585
6.4,0.16,0.22,1.4,0.04,41,149,0.9933,3.49,0.58,10,6,1586
5.7,0.255,0.65,1.2,0.079,17,137,0.99307,3.2,0.42,9.4,5,1587
6.3,0.41,0.16,0.9,0.032,25,98,0.99274,3.16,0.42,9.5,5,1588
7.2,0.24,0.4,1.4,0.045,31,106,0.9914,2.88,0.38,10.8,6,1589
6.9,0.19,0.32,7.9,0.042,30,130,0.99456,3.4,0.39,10.5,6,1590
6.2,0.16,0.34,1.7,0.038,85,153,0.9909,3.33,0.86,12,7,1591
6.6,0.27,0.33,1.4,0.042,24,183,0.99215,3.29,0.46,10.7,5,1592
7.8,0.19,0.32,7.4,0.015,47,124,0.99278,2.99,0.39,11,6,1593
7.2,0.15,0.38,1.2,0.038,18,110,0.9917,3.19,0.43,11.1,6,1594
6.4,0.34,0.44,8.2,0.043,54,201,0.99551,3.18,0.48,9.5,5,1595
6.8,0.31,0.19,3.5,0.086,30,130,0.993,2.83,0.44,9.6,5,1596
8.6,0.16,0.49,7.3,0.043,9,63,0.9953,3.13,0.59,10.5,6,1597
7,0.46,0.2,16.7,0.046,50,184,0.99898,3.08,0.56,9.4,5,1598
6.6,0.23,0.18,8.5,0.044,59,188,0.99558,3.16,0.49,9.5,5,1599
7.7,0.18,0.53,1.2,0.041,42,167,0.9908,3.11,0.44,11.9,5,1600
5.8,0.54,0,1.4,0.033,40,107,0.98918,3.26,0.35,12.4,5,1601
7.1,0.27,0.24,12.6,0.044,48,118,0.99726,3.04,0.56,10,7,1602
5.2,0.285,0.29,5.15,0.035,64,138,0.9895,3.19,0.34,12.4,8,1603
6.5,0.13,0.37,1,0.036,48,114,0.9911,3.41,0.51,11.5,8,1604
5.7,0.18,0.22,4.2,0.042,25,111,0.994,3.35,0.39,9.4,5,1605
6.5,0.29,0.3,9.15,0.051,25,166,0.99339,3.24,0.56,11.35,6,1606
5.9,0.19,0.21,1.7,0.045,57,135,0.99341,3.32,0.44,9.5,5,1607
6.9,0.22,0.43,6.4,0.042,34,115,0.99293,3.05,0.51,10.8,6,1608
7.3,0.28,0.54,12.9,0.049,62,162.5,0.9984,3.06,0.45,9.1,6,1609
6,0.38,0.26,3.5,0.035,38,111,0.98872,3.18,0.47,13.6,7,1610
6.9,0.2,0.28,1.2,0.048,36,159,0.9936,3.19,0.43,9.1,6,1611
6.9,0.38,0.29,13.65,0.048,52,189,0.99784,3,0.6,9.5,6,1612
6.8,0.67,0.3,13,0.29,22,193,0.9984,3.08,0.67,9,4,1613
6.8,0.24,0.4,1.8,0.047,34,105,0.99,3.13,0.49,12.8,8,1614
6.4,0.24,0.32,14.9,0.047,54,162,0.9968,3.28,0.5,10.2,6,1615
7.4,0.16,0.3,13.7,0.056,33,168,0.99825,2.9,0.44,8.7,7,1616
6.2,0.2,0.26,1.7,0.093,40,161,0.9924,3.44,0.66,11,5,1617
7.1,0.35,0.27,3.1,0.034,28,134,0.9897,3.26,0.38,13.1,7,1618
7.2,0.19,0.27,11.2,0.061,46,149,0.99772,2.99,0.59,9.3,6,1619
7.2,0.4,0.24,8.5,0.055,45,151,0.99626,3.2,0.52,9.2,5,1620
7.2,0.3,0.3,8.7,0.022,14,111,0.99576,3.11,0.61,10.6,5,1621
6.8,0.34,0.27,5.2,0.06,14,169,0.99252,3.27,0.57,11.6,6,1622
7.3,0.24,0.34,15.4,0.05,38,174,0.9983,3.03,0.42,9,6,1623
5.5,0.12,0.33,1,0.038,23,131,0.99164,3.25,0.45,9.8,5,1624
8,0.45,0.28,10.8,0.051,25,157,0.9957,3.06,0.47,11.4,7,1625
7.8,0.34,0.27,1.2,0.04,25,106,0.9932,3.01,0.55,10.4,5,1626
6.3,0.3,0.29,2.1,0.048,33,142,0.98956,3.22,0.46,12.9,7,1627
6.9,0.615,0.42,12,0.067,24,131,0.99727,3.19,0.34,9.3,5,1628
7.9,0.35,0.28,12.9,0.032,13,63,0.9932,2.99,0.43,13,6,1629
6.7,0.47,0.34,8.9,0.043,31,172,0.9964,3.22,0.6,9.2,5,1630
5.7,0.22,0.33,1.9,0.036,37,110,0.98945,3.26,0.58,12.4,6,1631
6,0.29,0.21,15.55,0.043,20,142,0.99658,3.11,0.54,10.1,6,1632
7.4,0.32,0.22,1.7,0.051,50,179,0.9955,3.28,0.69,8.9,5,1633
7.1,0.29,0.34,7.8,0.036,49,128,0.99397,3.21,0.4,10.7,6,1634
6.2,0.36,0.22,5.25,0.038,44,145,0.99184,3.22,0.4,11.2,6,1635
6.3,0.27,0.37,7.9,0.047,58,215,0.99542,3.19,0.48,9.5,6,1636
6.5,0.37,0.3,2.2,0.033,39,107,0.98894,3.22,0.53,13.5,7,1637
7.6,0.285,0.32,14.6,0.063,32,201,0.998,3,0.45,9.2,5,1638
6.1,0.19,0.37,2.6,0.041,24,99,0.99153,3.18,0.5,10.9,6,1639
5.3,0.58,0.07,6.9,0.043,34,149,0.9944,3.34,0.57,9.7,5,1640
6.8,0.19,0.32,7.6,0.049,37,107,0.99332,3.12,0.44,10.7,7,1641
7.4,0.19,0.3,12.8,0.053,48.5,229,0.9986,3.14,0.49,9.1,7,1642
6.7,0.23,0.26,1.4,0.06,33,154,0.9934,3.24,0.56,9.5,6,1643
7.2,0.25,0.28,14.4,0.055,55,205,0.9986,3.12,0.38,9,7,1644
5.8,0.12,0.21,1.3,0.056,35,121,0.9908,3.32,0.33,11.4,6,1645
6.2,0.3,0.26,13.4,0.046,57,206,0.99775,3.17,0.43,9.5,6,1646
6.1,0.32,0.24,1.5,0.036,38,124,0.9898,3.29,0.42,12.4,7,1647
6.1,0.28,0.26,1.5,0.03,25,101,0.98894,3.03,0.41,12.1,6,1648
7.2,0.24,0.36,2,0.029,21,63,0.99076,3.13,0.63,12.5,6,1649
7.5,0.29,0.67,8.1,0.037,53,166,0.9966,2.9,0.41,8.9,6,1650
7.6,0.56,0.12,10.4,0.096,22,177,0.9983,3.32,0.45,9.1,4,1651
7.1,0.365,0.14,1.2,0.055,24,84,0.9941,3.15,0.43,8.9,5,1652
6.6,0.25,0.36,8.1,0.045,54,180,0.9958,3.08,0.42,9.2,5,1653
6.1,0.16,0.37,1.1,0.031,37,97,0.9922,3.4,0.58,10.5,6,1654
8.4,0.57,0.44,10.7,0.051,46,195,0.9981,3.15,0.51,10.4,5,1655
8.1,0.5,0.47,1.1,0.037,23,126,0.9938,3.21,0.42,10.9,5,1656
8.4,0.58,0.27,12.15,0.033,37,116,0.9959,2.99,0.39,10.8,6,1657
6.2,0.44,0.18,7.7,0.096,28,210,0.99771,3.56,0.72,9.2,5,1658
5.4,0.18,0.24,4.8,0.041,30,113,0.99445,3.42,0.4,9.4,6,1659
6.7,0.47,0.29,4.75,0.034,29,134,0.99056,3.29,0.46,13,7,1660
7.2,0.17,0.34,6.4,0.042,16,111,0.99278,2.99,0.4,10.8,6,1661
8.1,0.4,0.32,7.9,0.031,23,118,0.99176,3.05,0.46,13.3,7,1662
6,0.21,0.34,2,0.042,63,123,0.99052,3.44,0.42,11.4,6,1663
8.4,0.3,0.25,17.75,0.047,25,218,1.00016,2.98,0.66,9.1,5,1664
7.2,0.29,0.4,7.6,0.024,56,177,0.9928,3.04,0.32,11.5,6,1665
6.8,0.23,0.31,2.8,0.047,40,122,0.99126,3.06,0.64,10.9,7,1666
7.3,0.28,0.36,12.7,0.04,38,140,0.998,3.3,0.79,9.6,6,1667
7.4,0.56,0.09,1.5,0.071,19,117,0.99496,3.22,0.53,9.8,5,1668
7.1,0.25,0.28,1.6,0.052,46,169,0.9926,3.05,0.41,10.5,5,1669
8.8,0.27,0.25,5,0.024,52,99,0.9925,2.87,0.49,11.4,5,1670
6.2,0.31,0.23,3.3,0.052,34,113,0.99429,3.16,0.48,8.4,5,1671
7.4,0.21,0.27,1.2,0.041,27,99,0.9927,3.19,0.33,9.8,6,1672
6.4,0.18,0.48,18,0.054,56,183,1.00038,2.98,0.61,8.5,6,1673
6.1,0.18,0.38,2.3,0.033,28,111,0.98962,3.16,0.49,12.4,6,1674
7.9,0.26,0.33,10.3,0.039,73,212,0.9969,2.93,0.49,9.5,6,1675
6.1,0.28,0.27,4.7,0.03,56,140,0.99042,3.16,0.42,12.5,8,1676
5.7,0.18,0.26,2.2,0.023,21,95,0.9893,3.07,0.54,12.3,6,1677
6.2,0.47,0.21,1,0.044,13,98,0.99345,3.14,0.46,9.2,5,1678
6.7,0.23,0.42,11.2,0.047,52,171,0.99758,3.54,0.74,10.4,5,1679
5.8,0.2,0.27,1.4,0.031,12,77,0.9905,3.25,0.36,10.9,7,1680
6.8,0.29,0.5,13.3,0.053,48,194,0.9974,3.09,0.45,9.4,5,1681
6.8,0.18,0.3,12.8,0.062,19,171,0.99808,3,0.52,9,7,1682
8.7,0.34,0.46,13.8,0.055,68,198,0.9988,3.36,0.37,9.5,6,1683
6.2,0.21,0.26,13.1,0.05,59,150,0.99772,3.31,0.46,9,5,1684
7.1,0.27,0.28,1.25,0.023,3,89,0.98993,2.95,0.3,11.4,4,1685
6.7,0.24,0.35,13.1,0.05,64,205,0.997,3.15,0.5,9.5,5,1686
6.6,0.17,0.28,1.1,0.034,55,108,0.98939,3,0.52,11.9,7,1687
6.7,0.24,0.39,2.9,0.173,63,157,0.9937,3.1,0.34,9.4,6,1688
6.3,0.48,0.48,1.8,0.035,35,96,0.99121,3.49,0.74,12.2,6,1689
7.3,0.205,0.31,1.7,0.06,34,110,0.9963,3.72,0.69,10.5,6,1690
6.2,0.38,0.42,2.5,0.038,34,117,0.99132,3.36,0.59,11.6,7,1691
6.8,0.22,0.3,13.6,0.055,50,180,0.9984,3.44,0.39,9.8,5,1692
6.6,0.25,0.3,1.6,0.046,32,134,0.993,3.42,0.51,10.1,7,1693
6.3,0.17,0.42,2.8,0.028,45,107,0.9908,3.27,0.43,11.8,6,1694
6.2,0.16,0.32,1.1,0.036,74,184,0.99096,3.22,0.41,11,6,1695
7.6,0.2,0.3,14.2,0.056,53,212.5,0.999,3.14,0.46,8.9,8,1696
7.9,0.42,0.49,8.2,0.056,32,164,0.9965,3.29,0.6,11.2,7,1697
9.1,0.27,0.32,1.1,0.031,15,151,0.9936,3.03,0.41,10.6,5,1698
6.8,0.34,0.1,1.4,0.049,29,118,0.9936,3.21,0.41,9.5,5,1699
5.9,0.18,0.28,5.1,0.039,50,139,0.99165,3.16,0.44,11.3,6,1700
6.7,0.25,0.74,19.4,0.054,44,169,1.0004,3.51,0.45,9.8,6,1701
6.9,0.18,0.38,8.1,0.049,44,176,0.9958,3.3,0.54,9.8,6,1702
8.4,0.28,0.4,8.9,0.048,33,146,0.9988,3.4,0.46,9.3,5,1703
6.2,0.29,0.32,3.6,0.026,39,138,0.9892,3.31,0.37,13.1,7,1704
6.5,0.26,0.32,6.65,0.059,34,104,0.99254,3.18,0.42,11.1,5,1705
6.9,0.18,0.38,6.5,0.039,20,110,0.9943,3.1,0.42,10.5,5,1706
8.1,0.28,0.34,1.3,0.035,11,126,0.99232,3.14,0.5,9.8,6,1707
6.2,0.36,0.26,13.2,0.051,54,201,0.9976,3.25,0.46,9,5,1708
9.5,0.21,0.47,1.3,0.039,21,123,0.9959,2.9,0.64,9.5,5,1709
7.3,0.39,0.37,1.1,0.043,36,113,0.991,3.39,0.48,12.7,8,1710
6.7,0.18,0.28,10.2,0.039,29,115,0.99469,3.11,0.45,10.9,7,1711
7.2,0.23,0.82,1.3,0.149,70,109,0.99304,2.93,0.42,9.2,6,1712
6,0.28,0.27,2.3,0.051,23,147,0.994,3.23,0.67,10.3,6,1713
7.7,0.4,0.27,4.5,0.034,27,95,0.99175,3.21,0.59,12.3,8,1714
5.7,0.28,0.28,2.2,0.019,15,65,0.9902,3.06,0.52,11.2,6,1715
7.5,0.21,0.29,1.5,0.046,35,107,0.99123,3.15,0.45,11.3,6,1716
6.5,0.33,0.72,1.1,0.061,7,151,0.993,3.09,0.57,9.5,4,1717
6.4,0.28,0.36,1.3,0.053,28,186,0.99211,3.31,0.45,10.8,5,1718
6.6,0.62,0.2,8.7,0.046,81,224,0.99605,3.17,0.44,9.3,5,1719
6.1,0.28,0.24,19.95,0.074,32,174,0.99922,3.19,0.44,9.3,6,1720
7.5,0.26,0.59,11.8,0.046,58,164,0.99814,3.17,0.46,8.9,4,1721
7.3,0.4,0.24,6.7,0.058,41,166,0.995,3.2,0.41,9.9,6,1722
6.5,0.3,0.27,4,0.038,37,97,0.99026,3.2,0.6,12.6,8,1723
5.6,0.28,0.4,6.1,0.034,36,118,0.99144,3.21,0.43,12.1,7,1724
7.8,0.29,0.36,7,0.042,38,161,0.9941,3.26,0.37,11.2,8,1725
6.9,0.3,0.45,1.4,0.039,36,122,0.99059,3.07,0.47,11.1,7,1726
6.6,0.23,0.27,5.6,0.043,43,164,0.9953,3.27,0.76,9.5,5,1727
7.1,0.37,0.67,10.5,0.045,49,155,0.9975,3.16,0.44,8.7,5,1728
6.8,0.18,0.35,5.4,0.054,53,143,0.99287,3.1,0.54,11,7,1729
7.6,0.23,0.26,15.3,0.067,32,166,0.9986,3.03,0.44,9.2,4,1730
6.9,0.33,0.26,5,0.027,46,143,0.9924,3.25,0.43,11.2,7,1731
5.6,0.18,0.58,1.25,0.034,29,129,0.98984,3.51,0.6,12,7,1732
5.7,0.25,0.26,12.5,0.049,52.5,106,0.99691,3.08,0.45,9.4,6,1733
7.1,0.43,0.61,11.8,0.045,54,155,0.9974,3.11,0.45,8.7,5,1734
7.2,0.21,0.36,15.7,0.045,68,183,0.99922,3.25,0.76,9.4,5,1735
5.8,0.3,0.23,1.5,0.034,37,121,0.98871,2.96,0.34,12.1,6,1736
6,0.34,0.32,3.8,0.044,13,116,0.99108,3.39,0.44,11.8,7,1737
6.8,0.22,0.31,6.9,0.037,33,121,0.99176,3.02,0.39,11.9,8,1738
6.3,0.33,0.2,5.8,0.04,24,144,0.99425,3.15,0.63,9.9,5,1739
5.2,0.25,0.23,1.4,0.047,20,77,0.99001,3.32,0.62,11.4,5,1740
6.9,0.4,0.43,6.2,0.065,42,178,0.99552,3.11,0.53,9.4,5,1741
6.3,0.22,0.34,5,0.032,36,93,0.99012,3.27,0.36,13.5,7,1742
6.5,0.33,0.38,8.3,0.048,68,174,0.99492,3.14,0.5,9.6,5,1743
6.9,0.25,0.3,4.1,0.054,23,116,0.994,2.99,0.38,9.4,6,1744
7.4,0.28,0.36,1.1,0.028,42,105,0.9893,2.99,0.39,12.4,7,1745
7.3,0.29,0.29,4.6,0.029,27,155,0.9931,3.07,0.26,10.6,6,1746
7,0.28,0.33,14.6,0.043,47,168,0.9994,3.34,0.67,8.8,6,1747
6.8,0.27,0.37,8.2,0.055,52,192,0.99586,3.11,0.52,9.5,6,1748
6.4,0.36,0.2,5.7,0.118,61,172,0.9946,3.24,0.43,9.5,6,1749
7.7,0.16,0.41,1.7,0.048,60,173,0.9932,3.24,0.66,11.2,7,1750
7,0.27,0.41,18.75,0.042,34,157,1.0002,2.96,0.5,9.1,5,1751
7.2,0.2,0.25,4.5,0.044,31,109,0.9949,3.23,0.36,9.4,5,1752
8.2,0.2,0.49,3.5,0.057,14,108,0.9928,3.19,0.35,11.5,6,1753
6.4,0.26,0.21,8.2,0.05,51,182,0.99542,3.23,0.48,9.5,5,1754
7.9,0.29,0.39,6.7,0.036,6,117,0.9938,3.12,0.42,10.7,5,1755
6.4,0.5,0.16,12.9,0.042,26,138,0.9974,3.28,0.33,9,5,1756
6,0.39,0.13,1.2,0.042,60,172,0.99114,3.06,0.52,10.6,5,1757
6.8,0.23,0.29,15.4,0.073,56,173,0.9984,3.06,0.41,8.7,6,1758
6.7,0.26,0.3,1.8,0.043,25,121,0.9944,3.44,0.61,10.2,6,1759
6,0.395,0,1.4,0.042,7,55,0.99135,3.37,0.38,11.2,4,1760
6.3,0.27,0.46,11.75,0.037,61,212,0.9971,3.25,0.53,9.5,6,1761
6.7,0.42,0.46,9.7,0.054,67,234,0.99848,3.23,0.5,9,5,1762
7,0.27,0.29,3.9,0.059,28,199,0.9961,3.54,0.59,10.3,5,1763
6.8,0.18,0.3,12.8,0.062,19,171,0.99808,3,0.52,9,7,1764
7,0.53,0.43,6.1,0.029,6,76,0.99118,3.08,0.5,12.5,8,1765
8.4,0.18,0.42,5.1,0.036,7,77,0.9939,3.16,0.52,11.7,5,1766
6.5,0.33,0.28,6.1,0.018,41,103,0.99122,3.24,0.32,12.2,6,1767
6.6,0.24,0.27,15.8,0.035,46,188,0.9982,3.24,0.51,9.2,5,1768
6.4,0.22,0.32,7.9,0.029,34,124,0.9948,3.4,0.39,10.2,5,1769
7.1,0.23,0.24,5.4,0.039,60,196,0.9948,3.19,0.78,10,4,1770
5.4,0.46,0.15,2.1,0.026,29,130,0.98953,3.39,0.77,13.4,8,1771
5.8,0.17,0.36,1.3,0.036,11,70,0.99202,3.43,0.68,10.4,7,1772
6.4,0.19,0.35,10.2,0.043,40,106,0.99632,3.16,0.5,9.7,6,1773
5.8,0.32,0.23,1.5,0.033,39,121,0.9887,2.96,0.35,12,5,1774
5.8,0.29,0.27,1.6,0.062,17,140,0.99138,3.23,0.35,11.1,6,1775
7.2,0.29,0.4,13.6,0.045,66,231,0.9977,3.08,0.59,9.6,6,1776
7,0.48,0.12,4.5,0.05,23,86,0.99398,2.86,0.35,9,5,1777
7.3,0.21,0.21,1.6,0.046,35,133,0.99466,3.38,0.46,10,6,1778
6,0.59,0,0.8,0.037,30,95,0.99032,3.1,0.4,10.9,4,1779
7.3,0.26,0.32,1.2,0.041,29,94,0.98978,3.07,0.45,12,6,1780
7.4,0.26,0.43,6,0.022,22,125,0.9928,3.13,0.55,11.5,6,1781
7.1,0.21,0.28,2.7,0.034,23,111,0.99405,3.35,0.64,10.2,4,1782
6.7,0.17,0.5,2.1,0.043,27,122,0.9923,3.15,0.45,10.3,6,1783
6.2,0.35,0.29,3.9,0.041,22,79,0.99005,3.1,0.59,12.06666667,6,1784
6.2,0.16,0.54,1.4,0.126,37,110,0.9932,3.23,0.37,8.9,6,1785
7.2,0.31,0.46,5,0.04,3,29,0.9906,3.04,0.53,12.5,4,1786
6.3,0.41,0.3,3.2,0.03,49,164,0.9927,3.53,0.79,11.7,7,1787
6.2,0.37,0.3,6.6,0.346,79,200,0.9954,3.29,0.58,9.6,5,1788
7.1,0.33,0.64,13.2,0.056,12,105,0.9972,3.05,0.39,9.2,5,1789
7.1,0.33,0.3,3.3,0.034,30,102,0.9912,3.08,0.31,12.3,7,1790
7.2,0.27,0.46,18.75,0.052,45,255,1,3.04,0.52,8.9,5,1791
6.2,0.25,0.38,7.9,0.045,54,208,0.99572,3.17,0.46,9.1,5,1792
5.3,0.36,0.27,6.3,0.028,40,132,0.99186,3.37,0.4,11.6,6,1793
5.9,0.23,0.3,12.9,0.054,57,170,0.9972,3.28,0.39,9.4,5,1794
5.8,0.23,0.31,3.5,0.044,35,158,0.98998,3.19,0.37,12.1,7,1795
6.4,0.29,0.18,15,0.04,21,116,0.99736,3.14,0.5,9.2,5,1796
6.5,0.5,0.22,4.1,0.036,35,131,0.9902,3.26,0.55,13,7,1797
6.2,0.2,0.32,2.8,0.05,17,126,0.9936,3.18,0.55,9.4,6,1798
8,0.43,0.4,12.4,0.168,29,190,0.9991,3.07,0.64,9.2,5,1799
7.4,0.19,0.49,6.7,0.037,15,110,0.9938,3.2,0.38,11,7,1800
7.2,0.14,0.32,1.1,0.022,48,116,0.99218,3.04,0.67,10,6,1801
6.8,0.32,0.18,7.5,0.041,71,223,0.9959,3.14,0.41,8.9,5,1802
5.3,0.43,0.11,1.1,0.029,6,51,0.99076,3.51,0.48,11.2,4,1803
6.9,0.28,0.4,8.2,0.036,15,95,0.9944,3.17,0.33,10.2,5,1804
7.6,0.17,0.35,1.6,0.047,43,154,0.9934,3.36,0.69,11.1,6,1805
7.2,0.21,0.36,15.7,0.045,68,183,0.99922,3.25,0.76,9.4,5,1806
6.8,0.22,0.35,5.5,0.043,21,114,0.9938,3.3,0.53,10.7,7,1807
7.5,0.29,0.36,15.7,0.05,29,124,0.9968,3.06,0.54,10.4,5,1808
5.6,0.19,0.46,1.1,0.032,33,115,0.9909,3.36,0.5,10.4,6,1809
6.6,0.24,0.27,10.3,0.047,54,219,0.99742,3.04,0.45,8.8,5,1810
7.2,0.23,0.39,14.2,0.058,49,192,0.9979,2.98,0.48,9,7,1811
5.6,0.235,0.29,1.2,0.047,33,127,0.991,3.34,0.5,11,7,1812
6.9,0.4,0.3,10.6,0.033,24,87,0.99265,3.15,0.45,12.8,6,1813
7.3,0.23,0.41,14.6,0.048,73,223,0.99863,3.16,0.71,9.4,6,1814
6.6,0.13,0.3,4.9,0.058,47,131,0.9946,3.51,0.45,10.3,6,1815
7.6,0.25,1.23,4.6,0.035,51,294,0.99018,3.03,0.43,13.1,6,1816
6.6,0.32,0.47,15.6,0.063,27,173,0.99872,3.18,0.56,9,5,1817
6.1,0.17,0.42,15.1,0.033,28,124,0.99684,2.87,0.47,9.5,5,1818
6.8,0.475,0.33,3.95,0.047,16,81,0.98988,3.23,0.53,13.4,7,1819
5.4,0.5,0.13,5,0.028,12,107,0.99079,3.48,0.88,13.5,7,1820
7,0.19,0.33,6.3,0.032,42,127,0.99182,3.31,0.38,12.2,6,1821
6.7,0.14,0.51,4.3,0.028,57,124,0.99176,2.91,0.54,10.7,7,1822
6.6,0.56,0.16,3.1,0.045,28,92,0.994,3.12,0.35,9.1,6,1823
6.3,0.29,0.23,14.2,0.037,24,99,0.99528,3.08,0.38,10.6,6,1824
6.8,0.32,0.32,8.7,0.029,31,105,0.99146,3,0.34,12.3,7,1825
5.9,0.23,0.28,8.6,0.046,37,142,0.99432,3.23,0.53,10.6,6,1826
7,0.29,0.33,0.9,0.041,20,117,0.99048,3.21,0.5,11.4,5,1827
7.8,0.27,0.34,1.6,0.046,27,154,0.9927,3.05,0.45,10.5,6,1828
5.8,0.22,0.25,1.5,0.024,21,109,0.99234,3.37,0.58,10.4,6,1829
8.7,0.3,0.59,1.7,0.046,10,70,0.99373,3.06,0.56,10.8,4,1830
8.2,0.21,0.48,1.4,0.041,11,99,0.9958,3.17,0.57,9.9,5,1831
7.4,0.24,0.4,4.3,0.032,9,95,0.992,3.09,0.39,11.1,6,1832
8.2,0.23,0.29,1.8,0.047,47,187,0.9933,3.13,0.5,10.2,6,1833
6.5,0.32,0.48,8,0.026,18,88,0.99144,3.22,0.79,12.7,4,1834
5.6,0.32,0.33,7.4,0.037,25,95,0.99268,3.25,0.49,11.1,6,1835
5.7,0.265,0.28,6.9,0.036,46,150,0.99299,3.36,0.44,10.8,7,1836
7.5,0.305,0.38,1.4,0.047,30,95,0.99158,3.22,0.52,11.5,7,1837
6.6,0.28,0.28,8.5,0.052,55,211,0.9962,3.09,0.55,8.9,6,1838
7.4,0.35,0.2,13.9,0.054,63,229,0.99888,3.11,0.5,8.9,6,1839
6.3,0.25,0.27,6.6,0.054,40,158,0.99378,3.2,0.48,10.3,5,1840
6.9,0.19,0.31,19.25,0.043,38,167,0.99954,2.93,0.52,9.1,7,1841
8.1,0.29,0.49,7.1,0.042,22,124,0.9944,3.14,0.41,10.8,6,1842
6.5,0.24,0.32,7.6,0.038,48,203,0.9958,3.45,0.54,9.7,7,1843
6.5,0.21,0.35,5.7,0.043,47,197,0.99392,3.24,0.5,10.1,6,1844
4.7,0.785,0,3.4,0.036,23,134,0.98981,3.53,0.92,13.8,6,1845
6.9,0.31,0.32,1.6,0.036,34,114,0.99068,3.19,0.45,11.4,7,1846
7.2,0.21,0.36,15.7,0.045,68,183,0.99922,3.25,0.76,9.4,5,1847
7.4,0.24,0.29,10.1,0.05,21,105,0.9962,3.13,0.35,9.5,5,1848
6.4,0.34,0.2,14.9,0.06,37,162,0.9983,3.13,0.45,9,4,1849
6.5,0.34,0.36,11,0.052,53,247,0.9984,3.44,0.55,9.3,6,1850
7.4,0.2,0.37,16.95,0.048,43,190,0.9995,3.03,0.42,9.2,6,1851
6.4,0.25,0.32,5.5,0.049,41,176,0.995,3.19,0.68,9.2,6,1852
5.4,0.375,0.4,3.3,0.054,29,147,0.99482,3.42,0.52,9.1,5,1853
6.6,0.15,0.32,6,0.033,59,128,0.99192,3.19,0.71,12.1,8,1854
7.1,0.2,0.37,1.5,0.049,28,129,0.99226,3.15,0.52,10.8,5,1855
7,0.4,0.25,1.8,0.05,51,189,0.99174,3,0.55,11.4,6,1856
6.7,0.21,0.48,14.8,0.05,31,195,0.99942,2.95,0.75,8.8,6,1857
6.15,0.21,0.37,3.2,0.021,20,80,0.99076,3.39,0.47,12,5,1858
6.2,0.36,0.45,10.4,0.06,22,184,0.99711,3.31,0.56,9.8,6,1859
7.6,0.36,0.49,11.3,0.046,87,221,0.9984,3.01,0.43,9.2,5,1860
7.4,0.41,0.66,10.8,0.051,77,194,0.9976,3.05,0.46,8.7,5,1861
6.5,0.18,0.29,1.7,0.035,39,144,0.9927,3.49,0.5,10.5,6,1862
6.2,0.33,0.29,1.3,0.042,26,138,0.9956,3.77,0.64,9.5,5,1863
6.2,0.21,0.27,1.7,0.038,41,150,0.9933,3.49,0.71,10.5,7,1864
6.7,0.27,0.31,15.7,0.036,44,179,0.9979,3.26,0.56,9.6,5,1865
5,0.27,0.32,4.5,0.032,58,178,0.98956,3.45,0.31,12.6,7,1866
6.8,0.14,0.35,1.5,0.047,40,117,0.99111,3.07,0.72,11.1,6,1867
6.5,0.22,0.31,3.9,0.046,17,106,0.99098,3.15,0.31,11.5,5,1868
8.1,0.3,0.49,8.1,0.037,26,174,0.9943,3.1,0.3,11.2,7,1869
7.3,0.26,0.53,12.7,0.047,60.5,164.5,0.9984,3.06,0.45,9.1,6,1870
6.9,0.29,0.23,8.6,0.056,56,215,0.9967,3.17,0.44,8.8,5,1871
6.4,0.17,0.34,1.5,0.093,43,136,0.9938,3.25,0.49,9.6,6,1872
5.6,0.185,0.19,7.1,0.048,36,110,0.99438,3.26,0.41,9.5,6,1873
8.8,0.35,0.49,1,0.036,14,56,0.992,2.96,0.33,10.5,4,1874
6.2,0.25,0.54,7,0.046,58,176,0.99454,3.19,0.7,10.4,5,1875
7.6,0.2,0.34,1.8,0.041,42,148,0.99335,3.35,0.66,11.1,6,1876
6.3,0.23,0.21,5.1,0.035,29,142,0.9942,3.36,0.33,10.1,7,1877
7.4,0.27,0.26,11.8,0.053,55,173,0.99699,3.11,0.6,9.8,5,1878
8,0.36,0.39,1.6,0.024,26,93,0.99116,3.15,0.49,11.9,6,1879
6.9,0.26,0.33,12.6,0.051,59,173,0.998,3.39,0.38,9.9,5,1880
6.1,0.3,0.3,2.1,0.031,50,163,0.9895,3.39,0.43,12.7,7,1881
6.5,0.37,0.3,2.2,0.033,39,107,0.98894,3.22,0.53,13.5,7,1882
6,0.32,0.12,5.9,0.041,34,190,0.9944,3.16,0.72,10,5,1883
7.4,0.27,0.26,11.8,0.053,55,173,0.99699,3.11,0.6,9.8,5,1884
6.8,0.29,0.32,1.8,0.032,18,130,0.99095,3.05,0.62,11.2,6,1885
6.2,0.45,0.73,7.2,0.099,47,202,0.99582,3.21,0.43,9.2,5,1886
7.6,0.23,0.64,12.9,0.033,54,170,0.998,3,0.53,8.8,5,1887
7.2,0.23,0.19,13.7,0.052,47,197,0.99865,3.12,0.53,9,5,1888
6.8,0.26,0.46,8.3,0.037,49,173,0.99601,3.17,0.47,9.3,5,1889
6.7,0.3,0.74,5,0.038,35,157,0.9945,3.21,0.46,9.9,5,1890
7.6,0.16,0.41,1.9,0.047,27,151,0.9937,3.2,0.53,10.1,6,1891
7.2,0.17,0.41,1.6,0.052,24,126,0.99228,3.19,0.49,10.8,5,1892
6.8,0.31,0.3,8,0.028,33,122,0.99164,3.13,0.63,12.6,7,1893
7,0.16,0.25,14.3,0.044,27,149,0.998,2.91,0.46,9.2,6,1894
6.1,0.26,0.25,2.9,0.047,289,440,0.99314,3.44,0.64,10.5,3,1895
6.9,0.23,0.34,2.7,0.032,24,121,0.9902,3.14,0.38,12.4,7,1896
7.4,0.24,0.31,8.4,0.045,52,183,0.9963,3.09,0.32,8.8,5,1897
5.6,0.35,0.4,6.3,0.022,23,174,0.9922,3.54,0.5,11.6,7,1898
6.7,0.54,0.27,7.1,0.049,8,178,0.99502,3.16,0.38,9.4,4,1899
6.5,0.19,0.27,4.9,0.037,13,101,0.9916,3.17,0.41,11.8,6,1900
6.8,0.52,0.32,13.2,0.044,54,221,0.9972,3.27,0.5,9.6,6,1901
6,0.19,0.29,1.1,0.047,67,152,0.9916,3.54,0.59,11.1,7,1902
7.6,0.13,0.34,9.3,0.062,40,126,0.9966,3.21,0.39,9.6,5,1903
5.7,0.2,0.24,13.8,0.047,44,112,0.99837,2.97,0.66,8.8,6,1904
6.1,0.24,0.3,1.5,0.045,22,61,0.992,3.31,0.54,10.4,5,1905
6.6,0.42,0.33,2.8,0.034,15,85,0.99,3.28,0.51,13.4,6,1906
6.9,0.15,0.28,4.4,0.029,14,107,0.99347,3.24,0.46,10.4,8,1907
8.2,0.31,0.43,7,0.047,18,87,0.99628,3.23,0.64,10.6,5,1908
8.2,0.26,0.33,2.6,0.053,11,71,0.99402,2.89,0.49,9.5,5,1909
7.9,0.18,0.49,5.2,0.051,36,157,0.9953,3.18,0.48,10.6,6,1910
6.6,0.26,0.29,1.4,0.039,13,67,0.9915,3.05,0.49,10.9,6,1911
6.1,0.21,0.19,1.4,0.046,51,131,0.99184,3.22,0.39,10.5,5,1912
6.8,0.29,0.5,13.3,0.053,48,194,0.9974,3.09,0.45,9.4,5,1913
6.4,0.31,0.28,2.5,0.039,34,137,0.98946,3.22,0.38,12.7,6,1914
8.3,0.4,0.38,1.1,0.038,15,75,0.9934,3.03,0.43,9.2,5,1915
7.3,0.4,0.28,6.5,0.037,26,97,0.99148,3.16,0.58,12.6,7,1916
6.2,0.27,0.43,7.8,0.056,48,244,0.9956,3.1,0.51,9,6,1917
5.9,0.34,0.3,3.8,0.035,57,135,0.99016,3.09,0.34,12,6,1918
6.4,0.35,0.28,12.6,0.039,19,124,0.99539,3.2,0.43,10.6,6,1919
7.1,0.21,0.33,1.2,0.039,34,97,0.99112,3.11,0.75,11.2,6,1920
6.3,0.3,0.19,7.7,0.049,47,184,0.99514,3.22,0.48,9.5,5,1921
6.2,0.39,0.24,4.8,0.037,45,138,0.99174,3.23,0.43,11.2,7,1922
6.9,0.41,0.33,10.1,0.043,28,152,0.9968,3.2,0.52,9.4,5,1923
5.8,0.29,0.33,3.7,0.029,30,88,0.98994,3.25,0.42,12.3,6,1924
6.8,0.32,0.28,4.8,0.034,25,100,0.99026,3.08,0.47,12.4,7,1925
8.2,0.27,0.43,1.6,0.035,31,128,0.9916,3.1,0.5,12.3,6,1926
5.7,0.695,0.06,6.8,0.042,9,84,0.99432,3.44,0.44,10.2,5,1927
6.9,0.19,0.28,3,0.054,33,99,0.9924,3.16,0.4,10.8,6,1928
7.9,0.12,0.49,5.2,0.049,33,152,0.9952,3.18,0.47,10.6,6,1929
7.1,0.31,0.25,11.2,0.048,32,136,0.99663,3.14,0.4,9.5,5,1930
7.4,0.22,0.26,1.2,0.035,18,97,0.99245,3.12,0.41,9.7,6,1931
6.9,0.26,0.27,4.2,0.031,20,80,0.99089,3.12,0.39,11.5,6,1932
7.4,0.155,0.34,2.3,0.045,73.5,214,0.9934,3.18,0.61,9.9,7,1933
8.3,0.36,0.57,15,0.052,35,256,1.0001,2.93,0.64,8.6,5,1934
8.5,0.3,0.28,3.1,0.054,54,174,0.99543,3.21,0.43,9.4,6,1935
6.1,0.16,0.27,12.6,0.064,63,162,0.9994,3.66,0.43,8.9,5,1936
6.4,0.24,0.5,11.6,0.047,60,211,0.9966,3.18,0.57,9.3,5,1937
7.8,0.21,0.49,1.35,0.052,6,48,0.9911,3.15,0.28,11.4,5,1938
6.5,0.2,0.5,18.1,0.054,50,221,0.99941,2.94,0.64,8.8,6,1939
6,0.38,0.26,6,0.034,42,134,0.9912,3.38,0.38,12.3,7,1940
6.7,0.41,0.27,2.6,0.033,25,85,0.99086,3.05,0.34,11.7,6,1941
6.9,0.31,0.34,1.6,0.032,23,128,0.9917,3.37,0.47,11.7,6,1942
7.3,0.43,0.37,4.6,0.028,17,114,0.991,3.23,0.43,13.2,6,1943
6.3,0.28,0.47,11.2,0.04,61,183,0.99592,3.12,0.51,9.5,6,1944
8.3,0.33,0.43,9.2,0.046,22,126,0.9982,3.38,0.47,9.3,5,1945
8.2,0.24,0.49,9.3,0.038,52,163,0.9952,3.02,0.33,10.6,6,1946
6.7,0.21,0.34,1.4,0.049,36,112,0.99091,3.02,0.5,11,6,1947
6.6,0.3,0.25,8,0.036,21,124,0.99362,3.06,0.38,10.8,6,1948
7.9,0.16,0.3,7.4,0.05,58,152,0.99612,3.12,0.37,9.5,6,1949
6.7,0.26,0.51,8,0.062,50,194,0.99545,3.13,0.5,9.6,5,1950
7.6,0.32,0.35,1.6,0.092,24,138,0.99438,3.19,0.44,9.8,5,1951
7.8,0.3,0.29,16.85,0.054,23,135,0.9998,3.16,0.38,9,6,1952
4.8,0.26,0.23,10.6,0.034,23,111,0.99274,3.46,0.28,11.5,7,1953
6.4,0.46,0.22,14.7,0.047,51,183,0.998275,3.39,0.6,10.5,5,1954
6.5,0.34,0.46,1,0.023,6,80,0.98865,3.15,0.54,12.9,6,1955
8.3,0.22,0.34,1.1,0.043,20,116,0.9927,3,0.47,10.2,6,1956
7.9,0.18,0.36,5.9,0.058,31,132,0.995,3.25,0.52,10.9,6,1957
8.1,0.2,0.28,0.9,0.023,49,87,0.99062,2.92,0.36,11.1,6,1958
5.5,0.24,0.32,8.7,0.06,19,102,0.994,3.27,0.31,10.4,5,1959
6.2,0.28,0.57,1,0.043,50,92,0.99004,3.17,0.36,11.5,6,1960
7.1,0.44,0.23,5.8,0.035,24,100,0.99062,3.15,0.57,13.2,7,1961
6.4,0.38,0.19,4.5,0.038,36,119,0.99151,3.07,0.42,11.2,6,1962
6.8,0.37,0.28,4,0.03,29,79,0.99,3.23,0.46,12.4,7,1963
6,0.28,0.35,1.9,0.037,16,120,0.9933,3.16,0.69,10.6,5,1964
6.7,0.18,0.28,10.2,0.039,29,115,0.99469,3.11,0.45,10.9,7,1965
7.1,0.27,0.27,10.4,0.041,26,114,0.99335,3.04,0.52,11.5,7,1966
6.7,0.26,0.26,4.1,0.073,36,202,0.9956,3.3,0.67,9.5,5,1967
6.9,0.4,0.56,11.2,0.043,40,142,0.9975,3.14,0.46,8.7,5,1968
6.1,0.36,0.16,6.4,0.037,36,198,0.9944,3.17,0.62,9.9,6,1969
7.3,0.23,0.37,1.9,0.041,51,165,0.9908,3.26,0.4,12.2,8,1970
6.8,0.21,0.27,2.1,0.03,26,139,0.99,3.16,0.61,12.6,7,1971
8.7,0.23,0.32,13.4,0.044,35,169,0.99975,3.12,0.47,8.8,7,1972
6.6,0.28,0.42,8.2,0.044,60,196,0.99562,3.14,0.48,9.4,5,1973
6.4,0.25,0.57,1,0.062,21,122,0.99238,3,0.4,9.5,5,1974
5.9,0.2,0.23,1.5,0.037,38,93,0.99021,3.36,0.49,12,6,1975
7.4,0.18,0.3,8.8,0.064,26,103,0.9961,2.94,0.56,9.3,5,1976
8.3,0.39,0.7,10.6,0.045,33,169,0.9976,3.09,0.57,9.4,5,1977
6.3,0.27,0.25,5.8,0.038,52,155,0.995,3.28,0.38,9.4,6,1978
8.4,0.2,0.31,2.8,0.054,16,89,0.99416,2.96,0.45,9.5,6,1979
